CRIM,ZN,INDUS,CHAS,NOX,RM,AGE,DIS,RAD,TAX,PTRATIO,B,LSTAT
1.3745161430872868,-0.48772236467012914,1.0159990707250284,0,0.5122956522307023,-1.4446762944751332,1.0214809410886188,-0.8054382242172036,1.6612452539705709,1.530926459469711,0.8065758349537706,-0.0788779407260303,1.7181011980602916
-0.32112298919794496,-0.48772236467012914,-0.4372580131280701,0,-0.14421743255530314,-0.659333240834891,-0.42939039153742686,0.3344494335851022,-0.6379617988442783,-0.6012760972551554,1.1764658292771952,0.4270175539088823,-0.5863558005953484
-0.3909379020022168,1.0144625185138687,-0.7407494523263077,0,-1.0089142718589768,-0.3674227095761589,-1.6100013778899935,1.352737665695832,-0.9828428567665056,-0.6190939459185945,-0.7192203916303548,0.061136915504741846,-0.6760670219542055
0.43541587232285217,-0.48772236467012914,1.0159990707250284,0,0.5122956522307023,-0.26073459662880505,0.5876419641759285,-0.8429448492643706,1.6612452539705709,1.530926459469711,0.8065758349537706,-3.883071716593593,1.4910196689956845
-0.3095317325227836,-0.48772236467012914,-0.4372580131280701,0,-0.14421743255530314,-0.8178836309094296,0.032897042877734775,0.0006927612705775703,-0.6379617988442783,-0.6012760972551554,1.1764658292771952,0.37581400037734675,-0.19246746931661696
-0.37242204437255144,-0.48772236467012914,-0.5481491159120416,0,-0.5329422853891227,0.22528902902025164,-1.9158222960415618,0.7705055445580599,-0.5230014462035358,-0.7200617550114154,0.5291583392112035,0.4057466986944972,-1.0615449262305443
-0.3903548645005193,-0.48772236467012914,-0.8676905831448012,0,-0.3428990240036998,-0.35853203349721247,-1.2117229728553927,1.0411807321608093,-0.5230014462035358,-1.0942365769436344,0.8065758349537706,0.44105193260703307,-0.650835740947027
-0.3925998533454393,3.160440923062437,-1.5169871718141072,0,-1.249923680615945,0.15416362038868237,-1.1690502866016854,2.5634553251714953,-0.8678825041257632,-0.5656403999282774,-0.5342753944686417,0.44105193260703307,-0.9648250157030267
1.3926315305137658,-0.48772236467012914,1.0159990707250284,0,1.6007252401653962,-0.18812740865074423,1.1174944851594601,-0.894094568593587,1.6612452539705709,1.530926459469711,0.8065758349537706,-3.8085140797596657,1.933968824455041
1.305599932533106,-0.48772236467012914,1.0159990707250284,0,0.3654440411601482,0.8491181338929736,1.1174944851594601,-1.1073927011495295,1.6612452539705709,1.530926459469711,0.8065758349537706,-1.9441345845771651,0.9990096893557032
-0.39061752583966786,-0.48772236467012914,-0.8676905831448012,0,-0.3428990240036998,0.04599372809483695,-1.0694806853430352,1.2660778717021877,-0.5230014462035358,-1.0942365769436344,0.8065758349537706,0.35881924492255435,-0.8274547079972768
-0.3869072871925021,-0.48772236467012914,-1.266023097092488,0,-0.5761339357039916,-0.19998164342267244,-0.22669513183231743,-0.5690846884320137,-0.7529221514850207,-1.2783543464658373,-0.30309414801650153,0.44105193260703307,-0.44898549288959877
-0.3464480181353135,-0.48772236467012914,-0.720322143918734,0,-0.4379206546964113,1.3099515106516824,0.4027269904098643,-0.2754016345138918,-0.17812038828130847,-0.6012760972551554,-0.4880391451782146,0.16891655816319837,-0.8821224835128303
1.2437744002823978,-0.48772236467012914,1.0159990707250284,0,1.3674903284651043,-0.10514776524724675,0.9396916257690133,-0.7476808738593986,1.6612452539705709,1.530926459469711,0.8065758349537706,-2.8073585180970326,0.352808548005186
-0.38726064325413695,-0.48772236467012914,-1.266023097092488,0,-0.5761339357039916,2.2019826772392785,0.5236329347953678,-0.5010593646772658,-0.7529221514850207,-1.2783543464658373,-0.30309414801650153,0.42635969240740645,-0.7139139434649734
-0.29601704101879,-0.48772236467012914,-0.4372580131280701,0,-0.14421743255530314,-1.007551387260281,0.6089783073027825,0.31353319148021835,-0.6379617988442783,-0.6012760972551554,1.1764658292771952,-0.5838962866923086,0.5406414177252932
-0.37460696268699356,-0.48772236467012914,-0.21109852718707606,0,0.261784080404463,-0.8475192178392509,-0.5182918212326503,-0.671859496229194,-0.40804109356279333,-0.10237633467886356,0.34421334204949033,0.44105193260703307,-0.09014060745417059
-0.38531011779391267,0.7998646780590118,-0.9056270130445809,0,-1.0944337394824173,0.2993779963448026,-1.7806921229048225,1.1384412579485201,-0.40804109356279333,-0.6428510774698464,-0.8579291395016376,0.24928530492682932,-0.8821224835128303
-0.3707471366404023,0.4565081333312409,-0.7699313214799843,0,-1.068518749293496,-1.0164420633392275,0.28182104602436026,1.977467787837619,-0.2930807409220509,-0.4646725908354565,0.29797709275906326,0.17341194508995014,-0.02145545360129564
-0.3784950572185155,0.4565081333312409,-0.7699313214799843,0,-1.068518749293496,0.3082686724237491,-1.9762752682343139,1.71211673458884,-0.2930807409220509,-0.4646725908354565,0.29797709275906326,0.43425403042511607,-0.9466024238645088
8.266219648253058,-0.48772236467012914,1.0159990707250284,0,1.0737871063239972,-0.47707438121649454,1.1174944851594601,-0.9471457644777929,1.6612452539705709,1.530926459469711,0.8065758349537706,-3.7303382046676212,1.1167556673892032
-0.37723710963909546,-0.48772236467012914,-0.16440753654119333,0,-0.06647246198853923,-0.3822405030410689,0.49874053448070516,-0.4980170021892828,-0.40804109356279333,0.14113426372146937,-0.30309414801650153,0.4148471161315793,-0.3298377770223666
-0.37835371479386154,-0.48772236467012914,-0.6167265084231818,0,-0.9216671382229419,-0.1629371597603976,-2.2038629282540856,0.9154931318760063,-0.7529221514850207,-1.0407830309533173,-0.25685789872607445,0.2927041640242338,-0.9592180643680981
-0.3536611932068193,-0.48772236467012914,-0.5481491159120416,0,-0.5329422853891227,-0.35260491611124767,-0.6640901659328167,0.4402190669563909,-0.5230014462035358,-0.7200617550114154,0.5291583392112035,0.44105193260703307,-0.6942896137927234
-0.3928177562501141,3.160440923062437,-1.01943630274392,0,-1.0857954094194435,0.3512402734719887,-1.4535348616264003,2.253372035966589,-0.6379617988442783,-0.3399476501913835,-0.25685789872607445,0.39204125074708407,-0.8821224835128303
-0.38429834160409826,-0.48772236467012914,-1.266023097092488,0,-0.5761339357039916,1.2980972758797542,0.8401220245103633,-0.5202642778826593,-0.7529221514850207,-1.2783543464658373,-0.30309414801650153,0.41057101637198656,-1.09799010990758
0.021352061445614284,-0.48772236467012914,1.2319449024622353,1,2.732346478414959,-0.18812740865074423,0.49874053448070516,-0.9742893423002674,-0.5230014462035358,-0.03110494002510758,-1.7364178760197713,-2.9457287205741154,0.3317824804992039
-0.3908059824058731,0.3706689971492982,-1.1390819662739942,0,-0.9657226215441079,2.283480541296286,-0.144905816512712,0.42766932169346056,-0.5230014462035358,-1.1417508400461382,-1.6439453774389146,0.3359037359544799,-1.246574320283187
-0.3493961855428869,-0.48772236467012914,2.1176146312763224,0,0.22723076015256793,-0.9868064764094063,0.9610279688958668,-0.9687275233769231,-0.8678825041257632,-1.3080507609049024,0.29797709275906326,0.028682414765267818,2.047509588987345
-0.3871004551728625,-0.48772236467012914,-1.1522138073931487,0,-0.8180071774672566,0.08007465306413138,-1.8269208663463385,0.6748137369282153,-0.6379617988442783,0.12925569794584338,-0.7192203916303548,0.20323499982352075,-0.7447521758070805
-0.2354541677616569,-0.48772236467012914,-0.4372580131280701,0,-0.14421743255530314,-0.30666975637002636,1.1174944851594601,0.180619980286455,-0.6379617988442783,-0.6012760972551554,1.1764658292771952,0.21990082452757553,0.05423838942023986
-0.36885785956419476,-0.48772236467012914,-0.16440753654119333,0,-0.06647246198853923,-0.2770341694402065,0.9539158545202493,-0.5928056084555072,-0.40804109356279333,0.14113426372146937,-0.30309414801650153,0.44105193260703307,0.6219422120817572
-0.12046386033091025,-0.48772236467012914,1.2319449024622353,0,2.732346478414959,-1.6195262573610747,0.8970189395153061,-1.0769215393558234,-0.5230014462035358,-0.03110494002510758,-1.7364178760197713,0.0034643905420275694,2.1960937993629517
0.3639943672916806,-0.48772236467012914,1.0159990707250284,0,0.25314575034148923,0.21639835294130516,0.22136807383160828,-0.7580439210840911,1.6612452539705709,1.530926459469711,0.8065758349537706,-2.8367429984962866,-0.08733713178670637
-0.39112635856842204,-0.48772236467012914,-0.8676905831448012,0,-0.3428990240036998,-0.32593288787440955,-1.1121533715967427,0.4835251954962758,-0.5230014462035358,-1.0942365769436344,0.8065758349537706,0.43271902025500597,-0.58074884926042
-0.39333365610010096,3.8042344444270078,-1.4323597512684447,0,-1.2412853505529713,0.795774077419296,-0.9983595415868566,2.153306832260269,-0.5230014462035358,-0.9041795245336184,-1.551472878858059,0.3971944991753111,-1.2199413014422764
-0.3933254111253295,2.087451720788153,-1.1974457045813476,0,-1.3276686511827085,0.48163685596319905,-1.7700239513413958,1.1525597213693168,-0.9828428567665056,-0.8507259785433013,-1.3202916324059188,0.21957189377683728,-1.1596665745917945
-0.3066507027669209,-0.48772236467012914,-0.4372580131280701,0,-0.14421743255530314,-0.5259730996506976,0.9076871110787328,0.2873878888491134,-0.6379617988442783,-0.6012760972551554,1.1764658292771952,0.41287353162715174,0.5112049232169181
-0.3026530678562922,-0.48772236467012914,-0.4372580131280701,0,-0.14421743255530314,-0.4281756627822902,0.466736019790425,0.22002808188861175,-0.6379617988442783,-0.6012760972551554,1.1764658292771952,0.3297636952740388,0.282721656318579
-0.38740434138586843,2.516647401697867,-1.298123153161532,0,-1.3363069812456823,0.09785600522202303,-1.7237952078998795,1.9170483703028287,-0.5230014462035358,-0.29837266997669254,-1.6901816267293426,0.12681342206874557,-1.076964042401598
-0.3898625217213081,2.9458430826075803,-1.133245592443259,0,-1.3535836413716298,-0.7289768701199687,-1.3326289172408965,1.3388568868444093,-0.6379617988442783,-0.42309761062076545,-1.0891103859537778,0.44105193260703307,-0.3382482040247595
-0.3507589620872585,-0.48772236467012914,-0.07978011599553096,1,-0.5674956056410178,-1.2964983598260313,0.7121039657492413,-0.061818280474700865,-0.6379617988442783,-0.7794545838895454,0.0667958463069231,0.4228510977328688,1.5877395795232025
4.4965111759141525,-0.48772236467012914,1.0159990707250284,0,1.194723727205629,-1.1083123828216714,0.5983101357393558,-1.0399378203612784,1.6612452539705709,1.530926459469711,0.8065758349537706,-0.29838439505179915,2.06433044299213
-0.3899626392721046,0.7140255418770691,0.569516472673775,0,-0.7834538572153615,-0.0443948120411155,0.31026950352683164,-0.08558673741206901,-0.6379617988442783,-0.8210295641042363,-0.11814915085479002,0.44105193260703307,-0.2891873798441346
-0.2284895197868343,-0.48772236467012914,1.2319449024622353,1,2.732346478414959,-0.22220833362003867,0.9752521976471027,-0.9724354026591526,-0.5230014462035358,-0.03110494002510758,-1.7364178760197713,-0.39092357959273244,0.3457998588365252
0.7503456401084374,-0.48772236467012914,1.0159990707250284,0,1.6007252401653962,0.1882445453579755,1.0179248839008102,-0.8223613655566095,1.6612452539705709,1.530926459469711,0.8065758349537706,0.3211018521712735,0.9625645056786674
-0.2785977650337314,-0.48772236467012914,-0.4372580131280701,0,-0.14421743255530314,-0.6904506071112023,1.1174944851594601,0.14268552301441548,-0.6379617988442783,-0.6012760972551554,1.1764658292771952,0.4151760468823176,1.0130270676930244
-0.33295570584855677,-0.48772236467012914,-0.720322143918734,0,-0.4379206546964113,3.6244908498706625,0.5129647632319411,-0.42813773879342004,-0.17812038828130847,-0.6012760972551554,-0.4880391451782146,0.277682993073869,-1.124623128748491
0.26234796260180415,-0.48772236467012914,1.0159990707250284,0,1.3674903284651043,0.2326979257527066,0.6872115654345792,-0.7031863224726453,1.6612452539705709,1.530926459469711,0.8065758349537706,-2.812182835774522,0.4999910205470607
0.7739816270711913,-0.48772236467012914,1.0159990707250284,0,1.6007252401653962,-0.04143125334813246,0.9965885407739561,-0.7591848070170849,1.6612452539705709,1.530926459469711,0.8065758349537706,0.3491706095675756,0.5308292528891682
-0.3915044495543713,-0.48772236467012914,-1.3068777139076353,0,-0.8352838375932041,0.22380724967376012,-0.35115713340563015,1.0777366189304816,-0.7529221514850207,-1.1061151427192604,0.11303209559735014,0.41057101637198656,-1.0433223343920266
-0.37952214550433405,-0.48772236467012914,-0.16440753654119333,0,-0.06647246198853923,-0.1525647043349596,0.13957875851200285,-0.506240888289612,-0.40804109356279333,0.14113426372146937,-0.30309414801650153,0.4015802425184837,-0.08593539395297425
-0.3748295770058235,-0.48772236467012914,-0.6167265084231818,0,-0.9216671382229419,-0.8845637015015256,-1.2366153731700553,0.6205265812832662,-0.7529221514850207,-1.0407830309533173,-0.25685789872607445,0.44105193260703307,-0.3424534175259558
-0.27088282435470423,-0.48772236467012914,-0.4372580131280701,0,-0.14421743255530314,-0.5096735268392975,-1.3966379466214576,0.3344494335851022,-0.6379617988442783,-0.6012760972551554,1.1764658292771952,0.33086013110983215,-0.8512842511707231
1.4395689940342595,-0.48772236467012914,1.0159990707250284,0,0.21859243008959417,-0.5230095409577159,0.08623790069486881,-0.4214825708509571,1.6612452539705709,1.530926459469711,0.8065758349537706,0.1322956012477108,0.7677229467898997
0.13995131211919137,-0.48772236467012914,1.0159990707250284,0,1.8598751420546091,0.17639031058604726,0.6907676226223879,-0.6069716087901786,1.6612452539705709,1.530926459469711,0.8065758349537706,0.1961081668908662,-0.6816739732891341
-0.3912076304625981,-0.48772236467012914,-1.3068777139076353,0,-0.8352838375932041,1.0654579184806632,-0.8098885106329831,1.0777366189304816,-0.7529221514850207,-1.1061151427192604,0.11303209559735014,0.41616283913453106,-1.3615168226492227
7.605055121328119,-0.48772236467012914,1.0159990707250284,0,1.194723727205629,-0.8830819221550354,1.1174944851594601,-1.126455003613299,1.6612452539705709,1.530926459469711,0.8065758349537706,0.31024713739692283,1.4475657961499884
-0.3878978620186184,-0.48772236467012914,-1.266023097092488,0,-0.5761339357039916,-0.18664562930425405,0.008004642563072126,-0.24497800963406047,-0.7529221514850207,-1.2783543464658373,-0.30309414801650153,0.3337108642828939,0.06965750559129358
-0.37743263332653343,0.585266837604155,-0.8764451438909042,0,-0.878475487908073,-0.7971387200585562,-0.08445284431996,1.6306860011214162,-0.17812038828130847,-0.7378796036748544,0.5753945885016305,0.42142573114633786,0.06965750559129358
-0.38230776912355535,-0.48772236467012914,-0.37597608790534914,0,-0.299707373688831,-0.12441089675162995,-0.5040675924814145,-0.48356578037136283,-0.5230014462035358,-0.14395131489355456,1.1302295799867665,0.40366347060649044,0.04863143808531142
-0.3736316999568814,-0.48772236467012914,-0.5481491159120416,0,-0.5329422853891227,0.14379116496324568,-0.5076236496692236,0.35431986358474216,-0.5230014462035358,-0.7200617550114154,0.5291583392112035,0.44105193260703307,-0.8106338539924911
-0.3053126611468637,0.3706689971492982,-1.0456999849822288,0,0.7973605443088366,-1.065340781773432,-0.205358788705464,-0.8597253798621526,-0.5230014462035358,-0.8566652614311143,-2.5224341139570474,0.3917123199963458,-0.30881170951638465
-0.27694641437235795,-0.48772236467012914,-0.4372580131280701,0,-0.14421743255530314,0.5853614102175713,0.6658752223077252,0.2110436051662864,-0.6379617988442783,-0.6012760972551554,1.1764658292771952,0.25827607878033226,-0.09434582095536692
-0.3337554684013903,0.3706689971492982,-1.0456999849822288,0,0.7973605443088366,3.1399490035680975,0.8152296241957007,-0.7161638999604484,-0.5230014462035358,-0.8566652614311143,-2.5224341139570474,0.3309697746934113,-0.9452006860307767
0.8102771838687829,-0.48772236467012914,1.0159990707250284,0,0.5122956522307023,-0.1392286902165412,1.0001445979617654,-0.7722574583326374,1.6612452539705709,1.530926459469711,0.8065758349537706,0.25246496885062875,0.7537055684525785
-0.315879185243284,-0.48772236467012914,-0.4372580131280701,0,-0.14421743255530314,-0.6904506071112023,0.7725569379419933,0.4216321336313692,-0.6379617988442783,-0.6012760972551554,1.1764658292771952,0.22154547828126486,0.302345985990829
-0.3779944694645328,0.04877223646701293,-0.4766535364855337,0,-0.26515405343693593,-0.15849182172092438,0.9788082548349115,1.024637886132401,-0.5230014462035358,-0.5775189657039035,-1.505236629567631,0.44105193260703307,0.910700205830578
-0.381908476773908,-0.48772236467012914,2.4225651639322434,0,0.46910400191583346,-0.4385481182077282,0.5307450491709857,-0.8010648281407277,-0.6379617988442783,1.7981941894212958,0.7603395856633436,0.44105193260703307,0.0976922622659363
-0.37994146136414075,-0.48772236467012914,-0.37597608790534914,0,-0.299707373688831,0.2890055409193659,1.0143688267130009,-0.6475205963253289,-0.5230014462035358,-0.14395131489355456,1.1302295799867665,0.4228510977328688,-0.053695423777134946
-0.3855810241078327,-0.48772236467012914,-0.755340386903146,0,-0.4811123050112801,-0.6356247712910346,-0.9627989697087672,0.06615109167608976,-0.5230014462035358,-0.7675760181139194,0.34421334204949033,0.44105193260703307,-0.5443036655833844
-0.2509005390692543,-0.48772236467012914,1.2319449024622353,0,0.4345506816639384,0.9839600544236559,1.025036998276428,-0.9116356898133647,-0.5230014462035358,-0.03110494002510758,-1.7364178760197713,0.0740748583670999,-1.1302300800834193
0.025317894310695897,-0.48772236467012914,1.0159990707250284,0,0.21859243008959417,0.2341797050991981,0.22848018820722624,-0.42713946360205063,1.6612452539705709,1.530926459469711,0.8065758349537706,0.4023477476035387,0.23926778347288252
-0.37963993085821235,-0.48772236467012914,-0.16440753654119333,0,-0.06647246198853923,-0.6030256256682316,0.16091510163885625,-0.6263191327371964,-0.40804109356279333,0.14113426372146937,-0.30309414801650153,-0.19784122890957637,0.38084330467982874
-0.37825830865722015,-0.48772236467012914,-0.16440753654119333,0,-0.06647246198853923,-0.036985915308660536,0.5556374494856484,-0.731375712400364,-0.40804109356279333,0.14113426372146937,-0.30309414801650153,0.3515827684063206,-0.30881170951638465
-0.38717112638518947,-0.48772236467012914,-1.0340272373207582,0,-0.3860906743185687,0.39569365386671984,-1.2615077734847178,-0.31504742068542213,-0.5230014462035358,-0.6666082090210984,-0.8579291395016376,0.375923643960926,-1.0265014803872408
-0.38481541930762386,1.4436581994235824,-1.1230319382394722,0,-1.0166887689156532,1.3321782008490473,-1.5033196622557254,1.2762507712713813,-0.5230014462035358,-0.06080135446417258,-1.505236629567631,0.37077039553269897,-1.3713289874853474
-0.38152214081318725,0.3706689971492982,-0.6094310411347627,0,-0.7834538572153615,0.38383941909479163,-0.35115713340563015,0.0582124270590087,-0.7529221514850207,-1.1001758598314473,0.0667958463069231,0.4197810773926479,-0.690084400291527
-0.06760768277803292,-0.48772236467012914,1.2319449024622353,0,2.732346478414959,-2.0388698124180356,1.0392612270276635,-1.1642468501437142,-0.5230014462035358,-0.03110494002510758,-1.7364178760197713,0.44105193260703307,2.3320623692349693
0.9133511470476641,-0.48772236467012914,1.0159990707250284,0,0.9787654756312858,-2.034424474378562,1.1174944851594601,-1.2458677312666369,1.6612452539705709,1.530926459469711,0.8065758349537706,0.44105193260703307,3.100214702120183
0.5463767427974229,-0.48772236467012914,1.0159990707250284,0,1.2551920376464454,-1.124611955633073,1.1174944851594601,-1.0752577473702076,1.6612452539705709,1.530926459469711,0.8065758349537706,0.44105193260703307,1.6690403738796664
0.66304078010678,-0.48772236467012914,1.0159990707250284,1,1.8598751420546091,-0.09922064786128332,1.025036998276428,-0.7952177877341352,1.6612452539705709,1.530926459469711,0.8065758349537706,0.230865182885506,0.6934308416020966
-0.3878036337355158,1.2290603589687255,-0.6896811813073734,1,-0.9303054682859156,0.8105918708842059,-1.4570909188142092,0.5075788739168925,-0.6379617988442783,-0.9160580903092443,-0.39556664659735724,0.403224896272173,-1.1905048069339013
-0.35284258499736526,-0.48772236467012914,-0.720322143918734,1,-0.41200566450749,0.995814289195584,0.7085479085614326,-0.44368230963045896,-0.17812038828130847,-0.6012760972551554,-0.4880391451782146,0.3840372691457946,-0.4125403092125629
0.396228685087549,-0.48772236467012914,1.0159990707250284,0,1.3674903284651043,0.6964948612043971,0.8543462532615987,-0.699478443190416,1.6612452539705709,1.530926459469711,0.8065758349537706,-3.9071933049810403,0.6710030362623822
-0.2031904036273189,-0.48772236467012914,1.5689954911872013,0,0.5986789528604399,-1.8669834082250756,1.1174944851594601,-1.1197998356708356,-0.6379617988442783,0.17083067816053438,1.268938327858051,0.44105193260703307,3.049752140105825
0.2728202584151218,-0.48772236467012914,1.0159990707250284,1,0.6591472633012564,0.5986974243359896,1.0037006551495742,-1.1591128634452428,1.6612452539705709,1.530926459469711,0.8065758349537706,0.20455072282647246,-1.2507795337843834
-0.3882017482316244,0.04877223646701293,-0.7392903588686238,0,-1.2585620106789188,-0.5941349495892851,-1.6775664644583634,1.2849024895965833,-0.6379617988442783,-0.3755833475182615,0.20550459417820588,0.43348652534006105,-0.6382201004434378
0.05690321480669497,-0.48772236467012914,1.0159990707250284,0,1.8598751420546091,-0.04143125334813246,0.8010053954444647,-0.7128363159892168,1.6612452539705709,1.530926459469711,0.8065758349537706,-0.06604964144725207,0.21543824029943615
-0.1240669143060468,-0.48772236467012914,1.2319449024622353,0,0.4345506816639384,0.059329742213256674,0.9788082548349115,-0.8057709826143266,-0.5230014462035358,-0.03110494002510758,-1.7364178760197713,-0.6533006750980092,-0.21769875032379546
-0.3740745728874637,-0.48772236467012914,-0.21109852718707606,0,0.261784080404463,-1.0520047676550122,0.17513933039009222,-0.6632077779039919,-0.40804109356279333,-0.10237633467886356,0.34421334204949033,0.4286622076625716,0.342996383169061
1.178568428375383,-0.48772236467012914,1.0159990707250284,0,1.194723727205629,-0.5807989354708667,0.9290234542055866,-0.956890831822114,1.6612452539705709,1.530926459469711,0.8065758349537706,0.44105193260703307,0.518213612385579
2.555043409403105,-0.48772236467012914,1.0159990707250284,0,1.194723727205629,-0.4326210008217634,1.1174944851594601,-1.0487796863419794,1.6612452539705709,1.530926459469711,0.8065758349537706,0.44105193260703307,1.9788244351344697
-0.39244437667832,2.087451720788153,-1.1974457045813476,0,-1.3276686511827085,0.7720656078754395,-2.086513041056391,1.1525597213693168,-0.9828428567665056,-0.8507259785433013,-1.3202916324059188,0.4023477476035387,-1.068553615399205
-0.37255514182243393,0.4565081333312409,-0.7699313214799843,0,-1.068518749293496,0.6505597014631758,-1.8162526947829118,1.9164303904224573,-0.2930807409220509,-0.4646725908354565,0.29797709275906326,0.40640456019597304,-0.8540877268381876
-0.36396858952470745,-0.48772236467012914,-0.37597608790534914,0,-0.299707373688831,-0.07403039897093537,0.804561452632274,-0.5941841789578746,-0.5230014462035358,-0.14395131489355456,1.1302295799867665,0.3788840207175676,0.4060745856870075
0.9109129902223838,-0.48772236467012914,1.0159990707250284,0,1.4106819787799734,0.19565344209043045,1.1174944851594601,-0.9203824819663162,1.6612452539705709,1.530926459469711,0.8065758349537706,-0.41581267306523445,0.3317824804992039
-0.11476893847089549,-0.48772236467012914,1.2319449024622353,0,2.732346478414959,-0.22072655427354715,1.1174944851594601,-1.129449829187407,-0.5230014462035358,-0.03110494002510758,-1.7364178760197713,-2.014854695985817,2.1232034320088804
-0.39006982394413386,0.7140255418770691,0.569516472673775,0,-0.7834538572153615,0.2415886018316531,-0.5325160499838859,-0.06139044824982817,-0.6379617988442783,-0.8210295641042363,-0.11814915085479002,0.4203292953105446,-0.6298096734410449
-0.26232571839544727,-0.48772236467012914,1.2319449024622353,1,2.732346478414959,-1.8773558636505137,0.6907676226223879,-1.038606786772786,-0.5230014462035358,-0.03110494002510758,-1.7364178760197713,-0.14685696254519984,-0.07472149128311711
-0.32157410710329876,-0.48772236467012914,-0.720322143918734,1,-0.41200566450749,0.8891261762482302,0.3244937322780676,-0.24859081508854045,-0.17812038828130847,-0.6012760972551554,-0.4880391451782146,0.36967395969690564,-0.38170207687045593
-0.3885244801012509,0.928623382331926,-1.3068777139076353,0,-0.7143472167115719,1.4181214029455265,-0.9770231984600029,0.10788850205810843,-0.2930807409220509,-1.1061151427192604,-0.025676652273934286,0.4057466986944972,-0.8022234269900983
-0.39083778445142026,0.585266837604155,-0.9158406672483677,0,-1.1117103996083648,-0.16590071845337934,-0.7778839959427024,0.7632799336490999,-0.6379617988442783,-0.7556974523382934,0.25174084346863457,0.3724150492863883,-0.7209226326336341
-0.3756576080435878,0.4565081333312409,-0.7699313214799843,0,-1.068518749293496,0.22825258771323337,-0.692538623435288,1.9164303904224573,-0.2930807409220509,-0.4646725908354565,0.29797709275906326,0.19775282064455552,-0.43917332805347375
-0.0506159676275525,-0.48772236467012914,1.2319449024622353,0,0.4345506816639384,-0.26369815532178675,0.8685704820128347,-0.71858828256806,-0.5230014462035358,-0.03110494002510758,-1.7364178760197713,-1.2775015964149916,-0.39852293087524154
-0.21610203411945578,-0.48772236467012914,1.2319449024622353,1,0.4345506816639384,3.1058680785988044,0.9005749967031152,-0.7762980960119901,-0.5230014462035358,-0.03110494002510758,-1.7364178760197713,0.34840310448252054,-1.3082507849674012
-0.39131010372047215,3.589636603972151,-1.4104733494031874,0,-1.310391991056761,1.0313769935113688,-1.8944859529147084,1.8341439925052887,-0.7529221514850207,-0.03704422291292058,-0.6729841423399261,0.44105193260703307,-1.1344352935846158
-0.3404904349361503,-0.48772236467012914,-0.720322143918734,0,-0.4379206546964113,1.6789145679279471,0.2960452747755962,-0.05872838107284301,-0.17812038828130847,-0.6012760972551554,-0.4880391451782146,0.2134318530963962,-1.037715383057098
-0.3857200108254091,-0.48772236467012914,0.24705681852564784,0,-1.0166887689156532,-0.008832107725330867,-2.2251992713809394,0.21698571940062852,-0.5230014462035358,-0.06080135446417258,0.11303209559735014,0.4193425030583311,-0.8232494944960803
-0.30192162080870805,-0.48772236467012914,-0.1804575645757154,0,-0.09238745217746054,-0.23258078904547536,-0.5609645074863576,-0.5489290369491255,-0.6379617988442783,-0.6190939459185945,-0.025676652273934286,0.44105193260703307,-0.9353885211946515
0.164739239842875,-0.48772236467012914,1.0159990707250284,0,1.3674903284651043,0.36457628759040844,0.6374267648052538,-0.6461420258229615,1.6612452539705709,1.530926459469711,0.8065758349537706,-3.352396772069757,0.7677229467898997
-0.351564613907786,0.4565081333312409,-0.7699313214799843,0,-1.068518749293496,2.933981674405846,-2.139853898873525,2.429924134097361,-0.2930807409220509,-0.4646725908354565,0.29797709275906326,0.44105193260703307,-1.2774125526252942
-0.3779697345402183,-0.48772236467012914,-0.16440753654119333,0,-0.06647246198853923,-0.8119565135234662,-0.12001341619804935,-0.49240764635206385,-0.40804109356279333,0.14113426372146937,-0.30309414801650153,0.3818443974742087,0.13413744594297194
-0.3939532070615007,3.375038763517294,-1.1916093307506122,0,-1.3363069812456823,1.1988180596648552,-1.698902807585217,1.6696187335848254,-0.9828428567665056,-0.7319403207870414,-1.4590003802772022,0.4171496313867451,-0.6732635462867413
-0.3841063514772767,0.9715429504228973,-0.7363721719532562,0,-1.0512420891675485,0.3201229071956773,-1.7842481800926313,0.80653852527511,-0.2930807409220509,-0.47061187372326946,-1.0891103859537778,0.29533561003013725,-0.5583210439207057
-0.06305645670417626,-0.48772236467012914,1.0159990707250284,0,-0.19604741293314576,-0.7660213537822449,-1.0054716559624746,0.14415916734453227,1.6612452539705709,1.530926459469711,0.8065758349537706,0.3974137863424701,-0.313016923017581
0.05841793445756961,-0.48772236467012914,1.0159990707250284,1,1.8598751420546091,0.17194497254657404,0.797449338256656,-0.6131514075938945,1.6612452539705709,1.530926459469711,0.8065758349537706,0.3800901001369395,0.08647835959607916
2.5262566689152544,-0.48772236467012914,1.0159990707250284,0,1.194723727205629,-1.3779962238830372,0.9752521976471027,-0.9945876045247799,1.6612452539705709,1.530926459469711,0.8065758349537706,0.44105193260703307,0.9976079515219709
-0.35989792769467416,-0.48772236467012914,-0.720322143918734,0,-0.4379206546964113,2.084922108866488,-1.8340329807219564,-0.1996277937975618,-0.17812038828130847,-0.6012760972551554,-0.4880391451782146,0.22845302404676102,-1.2241465149434727
-0.33210882915417195,0.3706689971492982,-1.0456999849822288,0,0.7973605443088366,1.8389467373489772,0.7405524232517132,-0.7868512908921814,-0.5230014462035358,-0.8566652614311143,-2.5224341139570474,0.3475259558138863,-0.7559660784769376
-0.33473426469211875,-0.48772236467012914,-0.720322143918734,0,-0.41200566450749,1.5988984832174313,0.10757424382172222,0.1677850135402761,-0.17812038828130847,-0.6012760972551554,-0.4880391451782146,0.36616536502236796,-1.1106057504111693
2.4782120230683042,-0.48772236467012914,1.0159990707250284,0,1.2551920376464454,-2.410796428387282,1.1174944851594601,-1.106584573613659,1.6612452539705709,1.530926459469711,0.8065758349537706,0.44105193260703307,2.1904868480280233
0.17876040836854523,-0.48772236467012914,1.0159990707250284,0,0.5122956522307023,-0.10366598590075655,0.8899068251396881,-0.7081776984294926,1.6612452539705709,1.530926459469711,0.8065758349537706,0.43348652534006105,0.8448185276451675
-0.3835433374857385,-0.48772236467012914,-0.755340386903146,0,-0.4811123050112801,-0.648960785409453,-0.2551435893347891,-0.19829676020906933,-0.5230014462035358,-0.7675760181139194,0.34421334204949033,0.22900124196465765,-0.174244877478099
-0.39029597182358017,2.9458430826075803,-1.4031778821147682,0,-1.3017536609937872,1.493692149616569,-1.2259472016066284,1.670426861120696,-0.8678825041257632,-0.47061187372326946,-2.70737911111876,0.44105193260703307,-1.2017187096037585
-0.3308838614738379,-0.48772236467012914,1.5689954911872013,0,0.5986789528604399,-0.18960918799723575,1.0428172842154728,-1.0107976921560649,-0.6379617988442783,0.17083067816053438,1.268938327858051,0.44105193260703307,0.8139802953030606
0.1819182337060219,-0.48772236467012914,1.0159990707250284,0,0.6591472633012564,-1.9395905962031366,1.1174944851594601,-1.170616796602929,1.6612452539705709,1.530926459469711,0.8065758349537706,0.20663395091447923,-1.316661211969794
-0.3718672753557848,0.4565081333312409,-0.7699313214799843,0,-1.068518749293496,-0.07847573701040861,0.37783459009520165,2.025289923195604,-0.2930807409220509,-0.4646725908354565,0.29797709275906326,0.2134318530963962,-0.35086384452834873
-0.39046087131900975,1.7655549601058678,-0.8487223681949113,0,-1.2931153309308134,-0.10366598590075655,-1.3255168028652788,1.6743248880584243,-0.40804109356279333,-0.6844260576845375,-0.8579291395016376,0.44105193260703307,-0.7727869324817234
2.39039126321666,-0.48772236467012914,1.0159990707250284,0,1.004680465820207,0.14971828234920911,0.9823643120227207,-1.1451370107660703,1.6612452539705709,1.530926459469711,0.8065758349537706,0.44105193260703307,1.5470891823449704
-0.38285547101908934,0.585266837604155,-0.8764451438909042,0,-0.878475487908073,-0.5215277616112257,-0.7601037100036577,1.4912126958129397,-0.17812038828130847,-0.7378796036748544,0.5753945885016305,0.44105193260703307,-0.48122546306543784
-0.38314286728255237,-0.48772236467012914,-0.16440753654119333,0,-0.06647246198853923,0.6461143634237024,0.4631799626026158,-0.5312453049877234,-0.40804109356279333,0.14113426372146937,-0.30309414801650153,0.4266886231581441,-0.34946210669461664
-0.3887753629050116,-0.48772236467012914,-1.1274092186125235,0,-0.5674956056410178,1.1854820455464354,-0.19469061714203706,-0.18089824973091578,-0.8678825041257632,-0.8210295641042363,-0.30309414801650153,0.4318418715863717,-0.9746371805391516
-0.30247638982547476,0.3706689971492982,-1.0456999849822288,0,0.7973605443088366,1.0891663880245195,0.5698616782368838,-0.7901313379495384,-0.5230014462035358,-0.8566652614311143,-2.5224341139570474,0.300379214874785,0.29954251032336454
-0.3846210734737247,0.04877223646701293,-0.4766535364855337,0,-0.26515405343693593,-0.3955765171594886,-0.07022861556872456,0.839243922020929,-0.5230014462035358,-0.5775189657039035,-1.505236629567631,0.4267982667417239,-0.03126761843742067
0.014198956904586404,-0.48772236467012914,1.0159990707250284,1,1.4106819787799734,3.7059887139276686,0.5094087060441324,-0.8986105754116869,1.6612452539705709,1.530926459469711,0.8065758349537706,-0.023288643851322798,-1.0321084317221694
-0.3878637042659937,-0.48772236467012914,0.11573840733410275,0,0.1581241196487778,1.0328587728578602,0.797449338256656,-0.7736835657488795,-0.9828428567665056,-0.8032117154407974,1.1764658292771952,0.44105193260703307,-0.9830476075415445
-0.3934879549136815,1.0144625185138687,-1.4031778821147682,0,-0.9734971186007845,1.4255302996779813,-0.6854265090596703,1.5415542876062853,-0.9828428567665056,-0.7378796036748544,-1.3665278816963466,0.4173689185539035,-1.0040736750475265
-0.2368534577657308,-0.48772236467012914,1.2319449024622353,0,0.4345506816639384,-0.31556043244897286,1.1174944851594601,-0.9686799864630485,-0.5230014462035358,-0.03110494002510758,-1.7364178760197713,-0.030525120367557196,-0.8723103186767054
-0.19989712513288227,-0.48772236467012914,1.2319449024622353,0,2.732346478414959,-0.23258078904547536,1.0214809410886188,-1.0348989074905561,-0.5230014462035358,-0.03110494002510758,-1.7364178760197713,0.17681089618090862,0.20282259979584688
-0.3886304869197413,-0.48772236467012914,-1.0340272373207582,0,-0.3860906743185687,0.05340262482729323,0.17158327320228348,-0.22700905618941017,-0.5230014462035358,-0.6666082090210984,-0.8579291395016376,0.4267982667417239,-0.8919346483489553
0.50863124829359,-0.48772236467012914,1.0159990707250284,0,1.194723727205629,-0.7882480439796098,1.078377856093562,-1.027578222753847,1.6612452539705709,1.530926459469711,0.8065758349537706,0.3993873708468977,1.0186340190279533
-0.38523473516743056,-0.48772236467012914,-1.266023097092488,0,-0.5761339357039916,-1.000142490527826,0.7547766520029486,-0.38369072432054163,-0.7529221514850207,-1.2783543464658373,-0.30309414801650153,0.3763622182952434,0.1860017457910613
-0.34766827440149256,-0.48772236467012914,-0.1804575645757154,0,-0.09238745217746054,0.15268184104219085,-0.048892272441870645,-0.1248046913587266,-0.6379617988442783,-0.6190939459185945,-0.025676652273934286,0.4225221669821305,-0.3214273500199739
-0.368531594133952,0.04877223646701293,-0.4766535364855337,0,-0.26515405343693593,0.1452729443097359,0.9147992254543508,1.2129791389041071,-0.5230014462035358,-0.5775189657039035,-1.505236629567631,0.39302804299929756,1.0929261242157564
1.9706867117421918,-0.48772236467012914,1.0159990707250284,0,1.2551920376464454,-2.8316217627907325,0.804561452632274,-1.119752298756961,1.6612452539705709,1.530926459469711,0.8065758349537706,-0.7767593502083063,2.519895238955076
-0.37009578363345547,-0.48772236467012914,-0.37597608790534914,0,-0.299707373688831,-0.21035409884811046,0.6694312794955345,-0.5135615730263214,-0.5230014462035358,-0.14395131489355456,1.1302295799867665,0.4144085417972625,0.11030790276952555
-0.38976475987758913,0.585266837604155,-0.9158406672483677,0,-1.1117103996083648,0.503863546160564,0.0649015575680154,0.7632799336490999,-0.6379617988442783,-0.7556974523382934,0.25174084346863457,0.42712719749246153,-0.7615730298118661
-0.3744020161712453,-0.48772236467012914,-0.755340386903146,0,-0.4811123050112801,-0.4637383670980748,-1.3646334319311768,0.02484151351894378,-0.5230014462035358,-0.7675760181139194,0.34421334204949033,0.4030056091050146,-0.353667320195813
-0.3661370178896065,-0.48772236467012914,-0.1804575645757154,0,-0.09238745217746054,-0.7363857668524237,0.11113030100953146,0.11249958270395767,-0.6379617988442783,-0.6190939459185945,-0.025676652273934286,0.44105193260703307,0.46074236120256085
-0.18297372548765126,-0.48772236467012914,1.2319449024622353,0,0.4345506816639384,-0.5956167289357767,0.37783459009520165,-0.6508481802965604,-0.5230014462035358,-0.03110494002510758,-1.7364178760197713,-1.415104293807019,-0.07191801561565264
-0.36559756096884405,-0.48772236467012914,1.0159990707250284,0,0.25314575034148923,-0.1733096151858343,1.025036998276428,-0.755381853907106,1.6612452539705709,1.530926459469711,0.8065758349537706,-0.591132763208543,1.6045604335279882
-0.38847029883846684,2.516647401697867,-1.298123153161532,0,-1.3363069812456823,1.1291744303797775,-2.082956983868582,1.9170483703028287,-0.5230014462035358,-0.29837266997669254,-1.6901816267293426,0.16343437898423313,-1.1092040125774372
-0.38869291315729676,-0.48772236467012914,0.4060980054131857,0,-1.0166887689156532,0.40013899190619306,-0.6249735368669184,1.029344040606,-0.6379617988442783,-0.7081831892357894,-1.1353466352442065,0.3966462812574151,-0.7377434866384198
-0.3905821902335044,2.9458430826075803,-1.4031778821147682,0,-1.3017536609937872,1.4744290181121857,-1.0765927997186533,1.670426861120696,-0.8678825041257632,-0.47061187372326946,-2.70737911111876,0.3895194483247599,-0.8456772998357946
0.762042903602089,-0.48772236467012914,1.0159990707250284,0,1.004680465820207,0.7631749317964931,1.074821798905753,-1.1584948835648712,1.6612452539705709,1.530926459469711,0.8065758349537706,0.44105193260703307,1.2036634130805954
-0.1411870154922545,-0.48772236467012914,1.2319449024622353,0,2.732346478414959,-0.9645797862120414,1.1174944851594601,-1.0831013381595391,-0.5230014462035358,-0.03110494002510758,-1.7364178760197713,-2.0547649604086837,0.5602657473975428
0.2966211448733055,-0.48772236467012914,1.0159990707250284,0,1.194723727205629,0.18676276601148528,0.9752521976471027,-1.0069472021322112,1.6612452539705709,1.530926459469711,0.8065758349537706,0.44105193260703307,0.9415384381726855
-0.11603159746447064,-0.48772236467012914,1.2319449024622353,0,2.732346478414959,-2.004788887448741,0.964584026083676,-1.1096269361016422,-0.5230014462035358,-0.03110494002510758,-1.7364178760197713,0.38414691272937385,2.365704077244541
0.4727173160425642,-0.48772236467012914,1.0159990707250284,0,1.0737871063239972,-0.12737445544461298,0.338717961029303,-0.8839216690243934,1.6612452539705709,1.530926459469711,0.8065758349537706,-2.8501195156929615,1.2429120724250955
-0.3899591057114883,1.7655549601058678,-0.8487223681949113,0,-1.2931153309308134,0.4238474614500495,-1.6242256066412293,1.6743248880584243,-0.40804109356279333,-0.6844260576845375,-0.8579291395016376,0.16496938915434387,-0.44057506588720585
-0.3773077808514224,-0.48772236467012914,2.1176146312763224,0,0.22723076015256793,-0.626734095212088,1.010812769525192,-0.8797384206034166,-0.8678825041257632,-1.3080507609049024,0.29797709275906326,0.14950964386966162,1.7881880897468987
-0.3705845928520503,-0.48772236467012914,2.4225651639322434,0,0.46910400191583346,-1.75733173658474,1.0463733414032814,-0.9376383817028455,-0.6379617988442783,1.7981941894212958,0.7603395856633436,-0.41932126773977213,2.3867301447505227
-0.38147031525748076,-0.48772236467012914,-1.2032820784120828,0,-0.9475821284118632,-0.17182783583934277,0.03645310006554351,-0.14253596023400336,-0.8678825041257632,-0.7853938667773583,-0.21062164943564576,0.38546263573232553,-0.18405704231422404
0.08759336661321918,-0.48772236467012914,1.2319449024622353,0,2.732346478414959,-1.2016644816506057,1.1174944851594601,-1.132920023900263,-0.5230014462035358,-0.03110494002510758,-1.7364178760197713,0.44105193260703307,1.929763610953845
-0.38412284142681963,0.7998646780590118,-0.9056270130445809,0,-1.0944337394824173,0.48460041465618076,-0.9379065693941046,1.1384412579485201,-0.40804109356279333,-0.6428510774698464,-0.8579291395016376,0.297199550950985,-0.740546962305884
-0.38370823698116807,1.2290603589687255,-0.6896811813073734,0,-0.9303054682859156,0.8520816925859553,-0.9165702262672512,0.2244965517928367,-0.6379617988442783,-0.9160580903092443,-0.39556664659735724,0.44105193260703307,-1.3559098713142939
-0.3807883380585255,-0.48772236467012914,-1.2032820784120828,0,-0.9475821284118632,2.652443598572552,0.2640407600853156,-0.14253596023400336,-0.8678825041257632,-0.7853938667773583,-0.21062164943564576,0.44105193260703307,-1.1834961177652406
-0.3930073906698581,3.375038763517294,-1.3302232092305766,0,-1.249923680615945,0.6653774949280856,-1.1548260578504497,3.9605176870361256,-0.5230014462035358,-1.3139900437927152,-0.6729841423399261,0.3046553146343778,-1.1428457205870086
-0.3840674823104968,-0.48772236467012914,2.1176146312763224,0,0.22723076015256793,-0.4711472638305298,0.8650144248250259,-0.811998318331917,-0.8678825041257632,-1.3080507609049024,0.29797709275906326,0.2348123518943605,0.739688190115257
-0.3832323841514998,-0.48772236467012914,-1.266023097092488,0,-0.5761339357039916,0.42088390275706644,0.9610279688958668,-0.4506702359700452,-0.7529221514850207,-1.2783543464658373,-0.30309414801650153,0.44105193260703307,-0.9774406562066159
-0.3924561552137078,3.053142002835009,-1.3287641157728927,0,-1.2067320303010762,1.9723068785331705,-1.8802617241634725,1.1765183259621839,-0.8678825041257632,-0.3577654988548225,-1.7364178760197713,0.4243861079029789,-1.3376872794757761
-0.3549933455591826,0.4565081333312409,-0.7699313214799843,0,-1.068518749293496,-0.25332569989635007,-1.197498744104157,2.025289923195604,-0.2930807409220509,-0.4646725908354565,0.29797709275906326,0.36737144444174047,-0.48963589006783076
-0.11485963319338179,-0.48772236467012914,1.0159990707250284,0,0.24450742027851546,-0.10366598590075655,-0.9485747409575315,-0.033771501288606266,1.6612452539705709,1.530926459469711,0.8065758349537706,0.1541146743799926,0.09629052443220419
-0.3908542744009632,0.9715429504228973,-0.7363721719532562,0,-1.0512420891675485,0.46089194511232434,-1.0019155987746655,0.80653852527511,-0.2930807409220509,-0.47061187372326946,-1.0891103859537778,0.4284429204954132,-0.441976803720938
-0.38995439429733314,2.9458430826075803,-1.3462732372650987,0,-1.2240086904270238,-0.9127175090848554,-1.6597861785193186,3.2280689180541855,-0.6379617988442783,-0.44091545928420445,1.6388283221814757,0.28645447976021354,-0.6452287896120984
5.62802795648122,-0.48772236467012914,1.0159990707250284,0,0.3654440411601482,-0.7734302505146998,1.1174944851594601,-1.132349580933766,1.6612452539705709,1.530926459469711,0.8065758349537706,-3.8821945679249583,-0.35647079586327746
0.7730040086340018,-0.48772236467012914,1.0159990707250284,0,1.194723727205629,-0.6326612125980515,0.3280497894658763,-1.0908023182072466,1.6612452539705709,1.530926459469711,0.8065758349537706,-0.20299447733780338,2.4273805419287546
-0.3927058601639298,2.9458430826075803,-1.3681596391303563,0,-1.4658819321902887,-0.07254861962444385,-1.3184046884896607,2.516679001918755,-0.9828428567665056,-0.9932687678508133,-0.11814915085479002,-0.16527708458652252,0.03881927324918639
-0.3751122618551313,-0.48772236467012914,2.1176146312763224,0,0.22723076015256793,-0.43410278016825493,0.7049918513736239,-0.8566830173741694,-0.8678825041257632,-1.3080507609049024,0.29797709275906326,0.3107953553148189,0.302345985990829
-0.38856688282864704,0.928623382331926,-1.3068777139076353,0,-0.7143472167115719,0.4994182081210907,-0.3724934765324838,-0.20205217640517342,-0.2930807409220509,-1.1061151427192604,-0.025676652273934286,0.4022381040199595,-0.52187586024367
-0.3226176853386603,-0.48772236467012914,-0.720322143918734,0,-0.41200566450749,0.5023817668140738,0.4347315051001444,-0.24859081508854045,-0.17812038828130847,-0.6012760972551554,-0.4880391451782146,0.44105193260703307,-0.7083069921300449
1.0240811582286333,-0.48772236467012914,1.0159990707250284,0,0.5122956522307023,-0.9349441992822215,0.6765433938711519,-0.8765059104599344,1.6612452539705709,1.530926459469711,0.8065758349537706,-0.7140432204009436,0.20282259979584688
-0.38156336568704463,-0.48772236467012914,0.4017207250401343,1,-0.04055747179961793,0.13934582692377243,0.8472341388859812,-0.2052371496347807,-0.5230014462035358,-0.7853938667773583,-0.950401638082495,0.40640456019597304,-0.3018030203477239
-0.2912219992624053,-0.48772236467012914,1.5689954911872013,0,0.5986789528604399,-0.951243772093623,0.9290234542055866,-0.8628628161778851,-0.6379617988442783,0.17083067816053438,1.268938327858051,0.44105193260703307,0.7971594412982748
0.6405626231726494,-0.48772236467012914,1.0159990707250284,0,0.25314575034148923,-1.0579318850409756,0.07201367194363287,-0.8231219561786055,1.6612452539705709,1.530926459469711,0.8065758349537706,-3.870681991649132,0.6317543769178822
-0.3857317893607969,2.9458430826075803,-0.9027088261292132,0,-1.2412853505529713,1.2877248204543161,-1.4535348616264003,0.6282750982448483,-0.6379617988442783,-0.9695116362995614,0.34421334204949033,0.44105193260703307,-1.2746090769578298
-0.389103984042332,1.0144625185138687,-0.7407494523263077,0,-1.0089142718589768,-0.8490009971857411,-1.4286424613117379,1.352737665695832,-0.9828428567665056,-0.6190939459185945,-0.7192203916303548,0.4094745805361933,-0.03126761843742067
10.085072861376817,-0.48772236467012914,1.0159990707250284,0,1.004680465820207,1.021004538085932,0.8294538529469365,-1.1306857889481503,1.6612452539705709,1.530926459469711,0.8065758349537706,0.44105193260703307,0.638763066086543
0.2909627364729931,-0.48772236467012914,1.0159990707250284,0,-0.19604741293314576,-0.054767267466552194,-0.13779370213709402,-0.17628716908506634,1.6612452539705709,1.530926459469711,0.8065758349537706,0.44105193260703307,-0.26816131233815244
0.2176719778757732,-0.48772236467012914,1.0159990707250284,1,1.8598751420546091,-0.2251718923130204,0.527188991983177,-0.5097586199163425,1.6612452539705709,1.530926459469711,0.8065758349537706,0.42493432582087554,-0.16443271264197398
-0.3784090739101843,-0.48772236467012914,0.4060980054131857,0,-1.0166887689156532,-0.7245315320804955,-0.3760495337202928,1.2002867828995525,-0.6379617988442783,-0.7081831892357894,-1.1353466352442065,0.44105193260703307,0.4467249828652395
-0.3853631212031579,-0.48772236467012914,0.4060980054131857,0,-1.0166887689156532,-0.40002185519896055,-0.9343505122062958,0.8117675858013311,-0.6379617988442783,-0.7081831892357894,-1.1353466352442065,0.44105193260703307,-0.31582039868504524
0.3751498181574924,-0.48772236467012914,1.0159990707250284,1,0.6591472633012564,1.0921299467175012,1.0285930554642368,-1.2324623215539612,1.6612452539705709,1.530926459469711,0.8065758349537706,0.38787479457107055,-1.3587133469817583
1.2160595065148392,-0.48772236467012914,1.0159990707250284,0,1.6007252401653962,-0.5096735268392975,0.6872115654345792,-0.9385891199803403,1.6612452539705709,1.530926459469711,0.8065758349537706,-3.154709390876271,2.9950843645902725
-0.38049858608798504,-0.48772236467012914,-0.16440753654119333,0,-0.06647246198853923,-0.5422726724620991,0.8650144248250259,-0.6853124428557443,-0.40804109356279333,0.14113426372146937,-0.30309414801650153,0.41967143380906874,0.49858928271332886
-0.38821234891347345,-0.48772236467012914,-1.266023097092488,0,-0.5761339357039916,1.038785890243825,-0.3618253049690571,-0.45922688046749766,-0.7529221514850207,-1.2783543464658373,-0.30309414801650153,0.44105193260703307,-1.067151877565473
-0.08459939792851334,-0.48772236467012914,-0.1804575645757154,0,-0.09238745217746054,-1.9351452581636632,-1.0943730856576979,-0.6064011658236819,-0.6379617988442783,-0.6190939459185945,-0.025676652273934286,-0.06824251311883806,-0.0018311239290455864
-0.39207806422775854,-0.48772236467012914,-1.3491914241804663,0,-0.3169840338147785,0.38680297778777334,-0.31559656152754084,1.1750446816320672,-0.9828428567665056,0.08174143484333939,-1.1815828845346343,0.36495928560299545,-0.5611245195881699
-0.38903331283000503,-0.48772236467012914,-0.8676905831448012,0,-0.3428990240036998,0.05488440417378344,-1.083704914094271,1.2660778717021877,-0.5230014462035358,-1.0942365769436344,0.8065758349537706,0.36221819601351285,-0.9774406562066159
0.1745507598209356,-0.48772236467012914,1.0159990707250284,0,0.24450742027851546,-0.5541269072340272,-0.5467402787351217,-0.3055400379104748,1.6612452539705709,1.530926459469711,0.8065758349537706,0.34588130206019696,-0.16863792614317055
0.5708878749394928,-0.48772236467012914,1.0159990707250284,0,1.3674903284651043,-0.5081917474928059,0.41695121916109973,-0.4829002635771166,1.6612452539705709,1.530926459469711,0.8065758349537706,-3.872326645402821,0.6009161445757752
-0.35597803111760506,-0.48772236467012914,-0.720322143918734,0,-0.41200566450749,2.916200322247953,0.0649015575680154,-0.0680456161922914,-0.17812038828130847,-0.6012760972551554,-0.4880391451782146,0.24424170008218088,-1.2199413014422764
-0.35153398971577765,-0.48772236467012914,-0.1804575645757154,0,-0.09238745217746054,0.42681102014303124,0.6658752223077252,-0.09162392547416062,-0.6379617988442783,-0.6190939459185945,-0.025676652273934286,0.4277850589939374,-0.4728150360630452
-0.13090317624514203,-0.48772236467012914,1.2319449024622353,0,0.4345506816639384,-0.6296976539050698,0.8258977957591274,-0.6527021199376751,-0.5230014462035358,-0.03110494002510758,-1.7364178760197713,0.42142573114633786,-0.1420049073022597
-0.3570180757923503,-0.48772236467012914,1.5689954911872013,0,0.5986789528604399,-0.49930107141385943,0.8863507679518794,-0.8690426149816008,-0.6379617988442783,0.17083067816053438,1.268938327858051,0.23656664923162968,0.5953091932408463
-0.38952447775567745,2.9458430826075803,-1.4031778821147682,0,-1.3017536609937872,1.2269718672481849,-1.137045771911405,1.670426861120696,-0.8678825041257632,-0.47061187372326946,-2.70737911111876,-0.025920089857226217,-0.5667314709230986
-0.31686858221586156,0.3706689971492982,-1.0456999849822288,0,0.7973605443088366,1.5618539995551566,1.1174944851594601,-0.9034118037130353,-0.5230014462035358,-0.8566652614311143,-2.5224341139570474,0.2918270153555996,-0.6816739732891341
-0.32725960613500327,-0.48772236467012914,-0.720322143918734,0,-0.41200566450749,3.049560463432145,0.16802721601447423,0.020610728184092174,-0.17812038828130847,-0.6012760972551554,-0.4880391451782146,0.3205536342533775,-1.427398500834633
-0.37483899983413377,-0.48772236467012914,-0.16440753654119333,0,-0.06647246198853923,-0.5200459822647342,0.6978797369980059,-0.6331644483351586,-0.40804109356279333,0.14113426372146937,-0.30309414801650153,-0.12898505842177257,0.4355110801953823
-0.3868943308035755,-0.48772236467012914,2.1176146312763224,0,0.22723076015256793,-0.6059891843612134,0.04000915725335275,-0.7308052694338673,-0.8678825041257632,-1.3080507609049024,0.29797709275906326,0.35607815533307174,0.24066952130661465
-0.38648797133269547,2.087451720788153,-1.378373293334143,0,-1.2412853505529713,-0.5852442735103387,-1.7806921229048225,3.2872999127421076,-0.6379617988442783,0.016409323077396405,-0.07191290156436134,0.3909448149112908,-0.6816739732891341
-0.3578790867292005,-0.48772236467012914,-0.720322143918734,0,-0.4379206546964113,2.9443541298312828,0.345830075404921,-0.42813773879342004,-0.17812038828130847,-0.6012760972551554,-0.4880391451782146,0.31112428606555714,-1.1933082826013655
2.0450446056455487,-0.48772236467012914,1.0159990707250284,0,0.9010205050645219,-3.172431012483669,1.1174944851594601,-1.2440137916255223,1.6612452539705709,1.530926459469711,0.8065758349537706,0.14852285161744813,1.4980283581643454
-0.387775365250585,-0.48772236467012914,-0.8676905831448012,0,-0.3428990240036998,-0.4607748084050931,-0.35826924778124813,0.4835251954962758,-0.5230014462035358,-1.0942365769436344,0.8065758349537706,0.44105193260703307,-0.47141329822931305
-0.3644962679100821,-0.48772236467012914,1.5689954911872013,0,0.5986789528604399,-0.8682641286901255,0.9752521976471027,-0.9539435431618801,-0.6379617988442783,0.17083067816053438,1.268938327858051,0.3885326560725464,0.6359595904190787
-0.393729414889132,1.8728538803332961,-1.2966640597038483,0,-1.4313286119383937,0.2578881746430545,-1.304180459738425,1.6696187335848254,-0.9828428567665056,-0.6428510774698464,-1.4590003802772022,0.4171496313867451,-0.6199975086049199
1.7350806683794717,-0.48772236467012914,1.0159990707250284,0,1.0737871063239972,0.2297343670597249,1.1174944851594601,-0.9318864151240025,1.6612452539705709,1.530926459469711,0.8065758349537706,-3.611923134401972,2.298420661225398
-0.37957043749942415,-0.48772236467012914,-0.37597608790534914,0,-0.299707373688831,-0.2251718923130204,0.5911980213637378,-0.7951227139063857,-0.5230014462035358,-0.14395131489355456,1.1302295799867665,0.34007019213049344,0.20142086196211478
1.7837966907435279,-0.48772236467012914,1.0159990707250284,0,0.9787654756312858,-3.172431012483669,1.1174944851594601,-1.2635514632280387,1.6612452539705709,1.530926459469711,0.8065758349537706,0.44105193260703307,3.5487708089144676
0.49143340877382247,-0.48772236467012914,1.0159990707250284,0,1.3674903284651043,0.20454411816937693,1.0570415129667081,-0.7653646058208006,1.6612452539705709,1.530926459469711,0.8065758349537706,-0.575234443589544,0.9331280111702923
-0.35617237695150417,-0.48772236467012914,1.5689954911872013,0,0.5986789528604399,-0.6771145929927826,0.9539158545202493,-0.6299319381916764,-0.6379617988442783,0.17083067816053438,1.268938327858051,0.35103455048842397,0.333184218332936
1.1976967698452154,-0.48772236467012914,1.0159990707250284,0,0.6591472633012564,-3.579920332768701,1.1174944851594601,-1.0859535529920232,1.6612452539705709,1.530926459469711,0.8065758349537706,-2.469765924256353,0.09488878659847208
-0.380569257300312,-0.48772236467012914,-0.6167265084231818,0,-0.9216671382229419,-0.3111150944094996,-1.0161398275259013,0.9154931318760063,-0.7529221514850207,-1.0407830309533173,-0.25685789872607445,0.35870960133897517,-0.4349681145522772
-0.3739379418769649,-0.48772236467012914,-0.21109852718707606,0,0.261784080404463,-0.9023450536594186,-1.4144182325605021,-0.4736781022854176,-0.40804109356279333,-0.10237633467886356,0.34421334204949033,0.40147059893490444,0.6934308416020966
-0.39079891528464045,2.9458430826075803,-1.133245592443259,0,-1.3535836413716298,0.016358141165017076,-1.8055845232194851,1.3388568868444093,-0.6379617988442783,-0.42309761062076545,-1.0891103859537778,0.44105193260703307,-1.119016177413562
-0.39325238420592495,3.375038763517294,-1.448409779302967,1,-1.3276686511827085,2.436103813984861,-1.5566605200728596,0.9935012075444486,-0.9828428567665056,-1.2486579320267723,-2.2450166182144793,0.425921118073089,-1.3306785903071154
-0.38826535232271864,-0.48772236467012914,-0.9698271251826696,0,-0.9130288081599681,0.5201631189719654,-0.44361462028866255,0.305499453035388,-0.7529221514850207,-0.9576330705239353,0.020559597016494405,0.39061588416055315,-0.8582929403393839
-0.3829002294535631,0.7998646780590118,-0.9056270130445809,0,-1.0944337394824173,0.11711913672640621,-0.5574084502985486,1.5404134016732918,-0.40804109356279333,-0.6428510774698464,-0.8579291395016376,0.17626267826301198,-0.20087789631900962
-0.38842200684337674,-0.48772236467012914,-1.266023097092488,0,-0.5761339357039916,2.2997801141076875,-0.5325160499838859,-0.28324522530322344,-0.7529221514850207,-1.2783543464658373,-0.30309414801650153,0.39423412241867006,-1.1498544097556693
1.4730907057480178,-0.48772236467012914,1.0159990707250284,0,1.0737871063239972,-0.567462921352447,0.9539158545202493,-0.8962812666318248,1.6612452539705709,1.530926459469711,0.8065758349537706,-3.8264956274666715,1.6452108307062203
-0.22717385738401394,-0.48772236467012914,1.2319449024622353,0,2.732346478414959,0.3423495973930422,1.1174944851594601,-0.964591811869821,-0.5230014462035358,-0.03110494002510758,-1.7364178760197713,0.08372349372207867,-0.7377434866384198
-0.38397443188093294,0.04877223646701293,-0.4766535364855337,0,-0.26515405343693593,-0.5778353767778837,-1.0517003994039906,0.7871434644142177,-0.5230014462035358,-0.5775189657039035,-1.505236629567631,0.37088003911627815,0.4285023910267218
-0.3874620562092688,-0.48772236467012914,-0.755340386903146,0,-0.4811123050112801,-0.5126370855322792,-0.013331700563781286,-0.20666325705102287,-0.5230014462035358,-0.7675760181139194,0.34421334204949033,0.44105193260703307,-0.4167455227137595
-0.3039734416732677,-0.48772236467012914,-0.4372580131280701,0,-0.14421743255530314,0.3201229071956773,0.9183552826421599,0.31358072839409296,-0.6379617988442783,-0.6012760972551554,1.1764658292771952,0.3428112817199761,0.020596681410668692
-0.25280395038792725,-0.48772236467012914,1.2319449024622353,0,0.4345506816639384,-0.5985802876287584,0.9254673970177775,-0.6508481802965604,-0.5230014462035358,-0.03110494002510758,-1.7364178760197713,-0.7059295952160749,0.24907994830900756
-0.0038492928701821336,-0.48772236467012914,1.2319449024622353,1,2.732346478414959,-1.2979801391725228,1.1174944851594601,-1.1757983202152753,-0.5230014462035358,-0.03110494002510758,-1.7364178760197713,0.44105193260703307,1.9858331243031304
0.735213755695695,-0.48772236467012914,1.0159990707250284,0,1.194723727205629,0.18528098666499376,1.1174944851594601,-1.0249161555768616,1.6612452539705709,1.530926459469711,0.8065758349537706,0.21310292234565859,1.0733017945435064
-0.39160574495870665,1.2290603589687255,-1.4425734054722317,0,-1.0857954094194435,0.9780329370376925,-1.2117229728553927,2.3754468307969123,-0.9828428567665056,-0.43497617639639147,0.5753945885016305,0.3637532061836236,-0.948004161698241
-0.34699807573792507,-0.48772236467012914,-0.720322143918734,1,-0.41200566450749,-0.1703460564928526,0.8081175098200827,-0.35512103908182485,-0.17812038828130847,-0.6012760972551554,-0.4880391451782146,0.4228510977328688,1.234501645422703
-0.38064581778033285,-0.48772236467012914,-1.2032820784120828,0,-0.9475821284118632,0.5127542222395104,-0.3831616480959108,-0.14253596023400336,-0.8678825041257632,-0.7853938667773583,-0.21062164943564576,0.014319105316378854,-0.8414720863345981
-0.389911991569937,0.41358856524026955,-0.8020313775490288,0,-0.9994121087897058,-0.24295324447091204,-0.19824667432984605,1.4354518958378737,-0.6379617988442783,-0.9813902020751873,-0.7654566409207818,0.40892636261829723,-0.451788968557063
-0.3816764396267678,0.7998646780590118,-0.9056270130445809,0,-1.0944337394824173,0.9157982044850697,-0.5076236496692236,1.207940226033385,-0.40804109356279333,-0.6428510774698464,-0.8579291395016376,0.379103307884726,-0.17845009097929534
1.405682147723479,-0.48772236467012914,1.0159990707250284,0,1.004680465820207,0.5483169265552951,0.8792386535762614,-1.1647222192824618,1.6612452539705709,1.530926459469711,0.8065758349537706,0.06957947144034812,1.4840109798270238
0.6870760594191815,-0.48772236467012914,1.0159990707250284,0,1.2551920376464454,-1.1009034860892166,1.1174944851594601,-1.0527727871074573,1.6612452539705709,1.530926459469711,0.8065758349537706,0.44105193260703307,1.5344735418413813
-0.3871970391630427,-0.48772236467012914,-1.0340272373207582,0,-0.3860906743185687,0.8609723686649018,0.20714384508037284,-0.4182025237936003,-0.5230014462035358,-0.6666082090210984,-0.8579291395016376,0.3793225950518844,-0.8036251648238304
-0.38000977686939014,-0.48772236467012914,-0.6167265084231818,0,-0.9216671382229419,0.7276122274807084,-2.335437044203016,0.9154931318760063,-0.7529221514850207,-1.0407830309533173,-0.25685789872607445,0.31507145507441225,-1.0951866342401158
2.2022762745376623,-0.48772236467012914,1.0159990707250284,0,1.6007252401653962,-0.6830417103787474,0.8472341388859812,-0.9169122872534604,1.6612452539705709,1.530926459469711,0.8065758349537706,0.381296179556312,1.325614604615292
0.22842342497778245,-0.48772236467012914,1.0159990707250284,0,1.2551920376464454,-0.33778712264633776,0.49518447729289644,-0.7735409550072552,1.6612452539705709,1.530926459469711,0.8065758349537706,0.2379920158181606,0.856032430315025
-0.36796622443533616,-0.48772236467012914,-0.07978011599553096,0,-0.5674956056410178,0.06970219763869337,-0.5716326790497843,0.2661388883471059,-0.6379617988442783,-0.7794545838895454,0.0667958463069231,0.41879428514043443,-0.23592134216231314
-0.3878012780284382,0.3706689971492982,-1.1390819662739942,1,-0.9657226215441079,2.0241691556603554,-0.6712022803084344,0.6735302402535975,-0.5230014462035358,-1.1417508400461382,-1.6439453774389146,0.22362870636927162,-1.3517046578130976
-0.38934426616424367,2.9458430826075803,-1.0938500690857953,0,-1.4054136217494724,-0.25332569989635007,-1.3006244025506162,2.578999896008534,-0.9828428567665056,-0.5537618341526515,-0.950401638082495,0.3970848555917319,-0.8526859890044552
0.8810897386204036,-0.48772236467012914,1.0159990707250284,0,1.0737871063239972,0.7453935796386014,0.790337223881038,-0.9391120260329624,1.6612452539705709,1.530926459469711,0.8065758349537706,-3.6742006898750175,1.8414541274287197
-0.38688726368234283,-0.48772236467012914,-1.3068777139076353,0,-0.8352838375932041,1.2862430411078258,-0.5111797068570323,1.0777366189304816,-0.7529221514850207,-1.1061151427192604,0.11303209559735014,0.44105193260703307,-1.0265014803872408
-0.39320880362499,3.375038763517294,-1.0778000410512734,0,-1.3881369616235248,1.7411493004805698,-1.2223911444188194,1.207940226033385,-0.7529221514850207,-0.9754509191873744,-1.1815828845346343,0.32526830834728704,-1.3376872794757761
0.5764838571022496,-0.48772236467012914,1.0159990707250284,0,1.3674903284651043,1.6507607603446175,1.0926020848447975,-0.6381082873781311,1.6612452539705709,1.530926459469711,0.8065758349537706,0.21047147633975516,0.572881387901132
-0.3775103716600931,-0.48772236467012914,-0.37597608790534914,0,-0.299707373688831,0.6638957155815954,0.4027269904098643,-0.48356578037136283,-0.5230014462035358,-0.14395131489355456,1.1302295799867665,0.4175882057210619,-0.4531907063907951
-0.3500098472365927,-0.48772236467012914,-0.720322143918734,0,-0.4379206546964113,2.6094719975243095,0.6374267648052538,-0.2754016345138918,-0.17812038828130847,-0.6012760972551554,-0.4880391451782146,0.336671241039535,-1.334883803808312
0.7901712239617608,-0.48772236467012914,1.0159990707250284,0,0.25314575034148923,0.8209643263096439,0.9147992254543508,-0.8113803384515454,1.6612452539705709,1.530926459469711,0.8065758349537706,-3.0189706344050915,0.986394048852114
-0.37846914444066226,-0.48772236467012914,-0.07978011599553096,0,-0.5674956056410178,0.14230938561675416,-1.2899562309871895,0.07147522603006008,-0.6379617988442783,-0.7794545838895454,0.0667958463069231,0.3194571984175842,-0.45879765772572356
1.0475204436504106,-0.48772236467012914,1.0159990707250284,0,0.25314575034148923,-0.6548879027954178,-0.31559656152754084,-0.8544487824220567,1.6612452539705709,1.530926459469711,0.8065758349537706,-3.6404304661325915,0.4256989153592573
-0.12247681202869004,-0.48772236467012914,1.2319449024622353,0,0.4345506816639384,-0.5911713908963034,1.0214809410886188,-0.6685319122579624,-0.5230014462035358,-0.03110494002510758,-1.7364178760197713,-0.09367982450923672,-0.08733713178670637
-0.3853772554456233,-0.48772236467012914,-1.2032820784120828,0,-0.9475821284118632,2.283480541296286,-1.1263776003479784,-0.14253596023400336,-0.8678825041257632,-0.7853938667773583,-0.21062164943564576,0.40410204494080726,-1.2732073391240977
-0.39076240182493815,2.9458430826075803,-0.9027088261292132,0,-1.2412853505529713,0.5201631189719654,-1.6064453207021847,0.6282750982448483,-0.6379617988442783,-0.9695116362995614,0.34421334204949033,0.44105193260703307,-1.1148109639123658
-0.37169648659266125,-0.48772236467012914,-0.07978011599553096,0,-0.5674956056410178,-0.1436740282560131,-0.9307944550184868,0.07147522603006008,-0.6379617988442783,-0.7794545838895454,0.0667958463069231,0.40519848077660053,-0.4461820172221343
-0.37479541925319876,0.585266837604155,-0.8764451438909042,0,-0.878475487908073,-0.4637383670980748,0.8827947107640706,1.4372582985651137,-0.17812038828130847,-0.7378796036748544,0.5753945885016305,0.2347027083107813,0.2504816861427397
-0.3680156942839651,-0.48772236467012914,-0.6167265084231818,0,-0.9216671382229419,-0.36890448892264915,0.6018661929271645,0.9005190040054641,-0.7529221514850207,-1.0407830309533173,-0.25685789872607445,0.39544020183804257,0.8616393816499534
-0.23153544903812656,-0.48772236467012914,-0.4372580131280701,0,-0.14421743255530314,-0.4874468366419312,0.47740419135385176,0.09267668961819274,-0.6379617988442783,-0.6012760972551554,1.1764658292771952,-1.3603921456009462,2.1105877915052913
-0.32690036080567453,0.3706689971492982,-1.0456999849822288,0,0.17540077977472532,2.9902892895725053,-0.056004386817488615,-0.652892267593174,-0.5230014462035358,-0.8566652614311143,-2.5224341139570474,0.30553246330301265,-0.730734797469759
-0.36663053852235655,-0.48772236467012914,-0.5481491159120416,0,-0.5329422853891227,-0.2903701835586249,-0.8845657115769705,0.7705055445580599,-0.5230014462035358,-0.7200617550114154,0.5291583392112035,0.44105193260703307,0.01919494357693633
-0.3929261187756821,3.589636603972151,-1.4104733494031874,0,-1.310391991056761,1.268461688949933,-1.9442707535440336,1.8341439925052887,-0.7529221514850207,-0.03704422291292058,-0.6729841423399261,0.3029010172971093,-1.1498544097556693
0.24586625803361664,-0.48772236467012914,1.0159990707250284,0,1.3674903284651043,0.5572076026342415,1.0534854557788995,-0.6844567784059992,1.6612452539705709,1.530926459469711,0.8065758349537706,-0.015175018666454137,0.7116534334406143
-0.282444634691396,-0.48772236467012914,-0.4372580131280701,0,-0.14421743255530314,-0.3437142400323025,0.7192160801248593,0.3129627485137216,-0.6379617988442783,-0.6012760972551554,1.1764658292771952,-0.5514417859528347,0.648575230922668
0.6232057734251463,-0.48772236467012914,1.0159990707250284,0,1.194723727205629,-0.12737445544461298,0.8543462532615987,-0.9525649726595129,1.6612452539705709,1.530926459469711,0.8065758349537706,0.44105193260703307,0.352808548005186
-0.33176960733500255,-0.48772236467012914,-0.720322143918734,0,-0.4379206546964113,-0.4415116769007099,-0.016887757751590522,-0.05872838107284301,-0.17812038828130847,-0.6012760972551554,-0.4880391451782146,0.23766308506742298,-0.14060316946852758
-0.3314032948844411,0.3706689971492982,-1.0456999849822288,0,0.7973605443088366,1.3692226845113233,0.4702920769782338,-0.8000190160354835,-0.5230014462035358,-0.8566652614311143,-2.5224341139570474,0.3960980633395184,-0.42936116321734874
-0.3896139946246249,1.7655549601058678,-0.8487223681949113,0,-1.2931153309308134,0.05340262482729323,-0.8170006250086008,1.6743248880584243,-0.40804109356279333,-0.6844260576845375,-0.8579291395016376,0.44105193260703307,-0.7083069921300449
-0.17902909398626773,-0.48772236467012914,1.2319449024622353,1,0.4345506816639384,2.2568085130594464,1.0534854557788995,-0.8339603725420452,-0.5230014462035358,-0.03110494002510758,-1.7364178760197713,0.3611217601777202,-1.504494081689901
0.7049641211126755,-0.48772236467012914,1.0159990707250284,0,1.0737871063239972,0.14971828234920911,0.9610279688958668,-0.8684246351012292,1.6612452539705709,1.530926459469711,0.8065758349537706,-3.244946060162038,1.6017569578605235
-0.36559756096884405,-0.48772236467012914,1.5689954911872013,0,0.5986789528604399,-0.6252523158655965,1.0534854557788995,-1.0108452290699397,-0.6379617988442783,0.17083067816053438,1.268938327858051,0.3877651509874913,1.2148773157504529
-0.3820321513954802,0.585266837604155,-0.8764451438909042,0,-0.878475487908073,0.2623335126825278,-0.02755592931501723,1.6307335380352912,-0.17812038828130847,-0.7378796036748544,0.5753945885016305,0.44105193260703307,-0.830258183664741
-0.3293220276814119,-0.48772236467012914,1.5689954911872013,0,0.5986789528604399,0.0830382117571131,1.0534854557788995,-0.8006845328297298,-0.6379617988442783,0.17083067816053438,1.268938327858051,0.4166014134688485,0.6037196202432394
-0.3566894546550299,-0.48772236467012914,1.5689954911872013,0,0.5986789528604399,0.22528902902025164,1.074821798905753,-0.942439610004194,-0.6379617988442783,0.17083067816053438,1.268938327858051,0.44105193260703307,0.3836467803472932
0.2800263663653949,-0.48772236467012914,1.0159990707250284,0,-0.19604741293314576,1.1588100173095972,0.29960133196340494,-0.18275218937203042,1.6612452539705709,1.530926459469711,0.8065758349537706,0.4232896720671856,-0.7910095243202412
-0.3701393642143904,0.04877223646701293,-0.4766535364855337,0,-0.26515405343693593,-0.9601344481725682,1.1174944851594601,1.0871964647915542,-0.5230014462035358,-0.5775189657039035,-1.505236629567631,0.32844797227108713,2.4217735905938262
-0.3592760210261968,-0.48772236467012914,-0.5481491159120416,0,-0.5329422853891227,0.048957286787819985,-1.410862175372693,0.7705055445580599,-0.5230014462035358,-0.7200617550114154,0.5291583392112035,0.44105193260703307,-0.9115589780212052
1.1450349381262375,-0.48772236467012914,1.0159990707250284,0,0.21859243008959417,-0.8386285417603043,-0.4222782771618089,-0.4617463369028587,1.6612452539705709,1.530926459469711,0.8065758349537706,0.44105193260703307,0.29533729682216825
-0.39272235011347273,0.26337007692186976,-1.4236051905223417,0,-1.1972298672318047,1.2225265292087115,-0.32270867590315877,2.580235855769277,-0.7529221514850207,-1.1417508400461382,0.0667958463069231,0.4009223810170078,-0.6452287896120984
-0.3898177632868344,2.516647401697867,-1.298123153161532,0,-1.3363069812456823,0.8772719414763033,-0.7529915956280401,1.9170483703028287,-0.5230014462035358,-0.29837266997669254,-1.6901816267293426,0.37482720812513326,-0.9227728806910623
-0.31987799800745154,-0.48772236467012914,-0.4372580131280701,0,-0.14421743255530314,-0.27110705205424174,0.5663056210490751,0.317003386193074,-0.6379617988442783,-0.6012760972551554,1.1764658292771952,0.2559735635251664,-0.3354447283572953
-0.10683727274073222,-0.48772236467012914,1.2319449024622353,0,2.732346478414959,-1.492093233562846,0.904131053890924,-0.9786152014628685,-0.5230014462035358,-0.03110494002510758,-1.7364178760197713,-2.9389308183921985,0.4887771178772038
-0.39106393233086656,2.7312452421527236,-1.1945275176659798,0,-1.0944337394824173,1.1039841814894296,-1.8767056669756639,0.7634700813045987,-0.7529221514850207,-0.9279366560848703,-0.07191290156436134,0.4270175539088823,-1.496083654687508
1.7094152397693951,-0.48772236467012914,1.0159990707250284,0,1.004680465820207,-0.08292107504988186,1.1174944851594601,-1.1451370107660703,1.6612452539705709,1.530926459469711,0.8065758349537706,0.40640456019597304,1.2793572561021316
-0.02239459683831702,-0.48772236467012914,1.0159990707250284,0,0.8664671848126269,-0.7704666918217168,-0.7245431381255685,-0.34632671001499865,1.6612452539705709,1.530926459469711,0.8065758349537706,-0.24422046476362252,0.20702781329704348
1.0126442003670526,-0.48772236467012914,1.0159990707250284,0,0.9010205050645219,-0.9942153731418626,1.1174944851594601,-1.1931017568656794,1.6612452539705709,1.530926459469711,0.8065758349537706,-0.26954813257044197,-0.07331975344938475
-0.38964933023078846,-0.48772236467012914,0.4017207250401343,1,-0.04055747179961793,-0.5793171561243752,-0.44717067747647155,-0.3246498772881189,-0.5230014462035358,-0.7853938667773583,-0.950401638082495,0.3960980633395184,0.12012006760565058
-0.3702406596187257,0.3706689971492982,-1.1390819662739942,0,-0.9657226215441079,0.7898469600333325,-1.293512288174998,0.14530005327752582,-0.5230014462035358,-1.1417508400461382,-1.6439453774389146,0.44105193260703307,-1.0937848964063837
0.7110583353223376,-0.48772236467012914,1.0159990707250284,0,1.6007252401653962,-0.966061565558533,0.9005749967031152,-0.9402053750520813,1.6612452539705709,1.530926459469711,0.8065758349537706,0.44105193260703307,1.4335484178126667
-0.38211224543611744,-0.48772236467012914,0.11573840733410275,0,0.1581241196487778,-0.10366598590075655,0.736996366063904,-0.668436838430213,-0.9828428567665056,-0.8032117154407974,1.1764658292771952,0.403224896272173,-0.8653016295080446
-0.3914384897561995,-0.48772236467012914,-0.8676905831448012,0,-0.3428990240036998,-0.5689447006989385,-0.3191526187153498,0.8651515400826604,-0.5230014462035358,-1.0942365769436344,0.8065758349537706,0.4181364236389586,-0.29339259334533097
-0.3337036428456838,-0.48772236467012914,-0.720322143918734,1,-0.41200566450749,0.521644898318457,0.28182104602436026,0.1677850135402761,-0.17812038828130847,-0.6012760972551554,-0.4880391451782146,0.34840310448252054,-0.43636985238600956
-0.3653396110438506,-0.48772236467012914,-0.07978011599553096,0,-0.5674956056410178,-0.7349039875059321,0.1466908728876208,0.2661388883471059,-0.6379617988442783,-0.7794545838895454,0.0667958463069231,0.3591481756732926,0.7579107819537747
-0.36943854135881465,-0.48772236467012914,-0.07978011599553096,1,-0.5674956056410178,-0.6993412831901475,-0.5254039356082683,-0.06771285779516817,-0.6379617988442783,-0.7794545838895454,0.0667958463069231,0.37570435679376757,0.47335800170615033
-0.379788340404099,-0.48772236467012914,0.4060980054131857,0,-1.0166887689156532,0.5912885276035347,-1.3326289172408965,1.029344040606,-0.6379617988442783,-0.7081831892357894,-1.1353466352442065,0.44105193260703307,-0.8947381240164196
0.3888317648639931,-0.48772236467012914,1.0159990707250284,0,1.3674903284651043,0.056366183520274955,0.5129647632319411,-0.5041968009929985,1.6612452539705709,1.530926459469711,0.8065758349537706,0.44105193260703307,0.18740348362479342
-0.36980367595583735,0.4565081333312409,-0.7699313214799843,0,-1.068518749293496,0.23566148444568832,-2.1220736129344804,1.71211673458884,-0.2930807409220509,-0.4646725908354565,0.29797709275906326,0.22362870636927162,-1.2704038634566335
-0.3620910909838877,-0.48772236467012914,-0.21109852718707606,0,0.261784080404463,-0.5230095409577159,-0.9236823406428689,-0.671859496229194,-0.40804109356279333,-0.10237633467886356,0.34421334204949033,0.44105193260703307,0.13133397027550772
0.5283367379974258,-0.48772236467012914,1.0159990707250284,0,0.8664671848126269,-0.10366598590075655,-0.11290130182243138,-0.39533726821985193,1.6612452539705709,1.530926459469711,0.8065758349537706,0.44105193260703307,0.0794696704274186
-0.3832418069798101,0.9715429504228973,-0.7363721719532562,0,-1.0512420891675485,1.0417494489368067,-1.8091405804072938,0.80653852527511,-0.2930807409220509,-0.47061187372326946,-1.0891103859537778,0.37011253403122313,-1.0923831585726513
-0.387704694038258,1.2290603589687255,-1.4425734054722317,0,-1.0857954094194435,0.31271401046322234,-0.8596733112623082,2.3754468307969123,-0.9828428567665056,-0.43497617639639147,0.5753945885016305,0.44105193260703307,-0.9353885211946515
-0.38434310003857197,0.3706689971492982,-0.6094310411347627,1,-0.7834538572153615,-0.5319002170366623,-0.2515875321469801,0.0582124270590087,-0.7529221514850207,-1.1001758598314473,0.0667958463069231,0.3800901001369395,0.13974439727790064
-0.3909626369265312,3.053142002835009,-1.3287641157728927,0,-1.2067320303010762,-0.1733096151858343,-1.0730367425308442,1.1765183259621839,-0.8678825041257632,-0.3577654988548225,-1.7364178760197713,0.4067334909467107,-0.7321365353034912
-0.22265796691632075,-0.48772236467012914,1.2319449024622353,0,0.4345506816639384,1.793011577607756,0.790337223881038,-0.8671411384266113,-0.5230014462035358,-0.03110494002510758,-1.7364178760197713,0.19468280030433527,-1.5311271005308116
-0.37625006837359554,-0.48772236467012914,-0.6167265084231818,0,-0.9216671382229419,-0.10366598590075655,-2.207418985441895,0.9154931318760063,-0.7529221514850207,-1.0407830309533173,-0.25685789872607445,0.41429889821368265,-0.730734797469759
-0.3867600555001543,-0.48772236467012914,0.4017207250401343,0,-0.04055747179961793,-0.10366598590075655,0.5876419641759285,-0.1777608134151831,-0.5230014462035358,-0.7853938667773583,-0.950401638082495,0.3958787761723594,-0.4153437848800274
1.2817955125143061,-0.48772236467012914,1.0159990707250284,0,1.194723727205629,-0.10366598590075655,1.1174944851594601,-1.0557676126815656,1.6612452539705709,1.530926459469711,0.8065758349537706,0.44105193260703307,1.0747035323772387
-0.38433956647795564,1.4436581994235824,-1.1230319382394722,0,-1.0166887689156532,-0.10366598590075655,-1.6740104072705544,1.2762507712713813,-0.5230014462035358,-0.06080135446417258,-1.505236629567631,0.23031696496760937,-1.05874145056308
-0.3538661397225675,-0.48772236467012914,-0.1804575645757154,0,-0.09238745217746054,-0.10366598590075655,0.28893316039997824,-0.3292134210200935,-0.6379617988442783,-0.6190939459185945,-0.025676652273934286,0.43381545609079925,-0.37609512553552726
-0.3176765897434666,0.3706689971492982,-1.0456999849822288,0,0.7973605443088366,-0.10366598590075655,1.1174944851594601,-0.8482214467044663,-0.5230014462035358,-0.8566652614311143,-2.5224341139570474,0.38655907156811886,-0.8064286404912946
-0.37939964873630067,-0.48772236467012914,-0.37597608790534914,0,-0.299707373688831,-0.10366598590075655,1.0001445979617654,-0.8024909355569698,-0.5230014462035358,-0.14395131489355456,1.1302295799867665,0.40980351128693154,0.5350344663903642
-0.3891534538909609,0.41358856524026955,-0.8020313775490288,0,-0.9994121087897058,-0.10366598590075655,-1.6775664644583634,1.4354518958378737,-0.6379617988442783,-0.9813902020751873,-0.7654566409207818,0.44105193260703307,-0.5919627519302771
0.5651352382560776,-0.48772236467012914,1.0159990707250284,0,1.2551920376464454,-0.10366598590075655,1.078377856093562,-0.9825607653144716,1.6612452539705709,1.530926459469711,0.8065758349537706,0.44105193260703307,1.1489956375650423
-0.39180362435322214,-0.48772236467012914,-0.5933810131002404,0,-0.7402622069004932,-0.10366598590075655,0.36716641853177495,0.5571598750882428,-0.8678825041257632,-0.9873294849630003,-0.30309414801650153,0.44105193260703307,-0.492439365735295
0.34562220779374686,-0.48772236467012914,1.0159990707250284,0,1.6007252401653962,0.09192888783605958,0.9894764263983387,-0.8190813184992528,1.6612452539705709,1.530926459469711,0.8065758349537706,-0.4239262982501031,0.7200638604430069
-0.37725124388156084,-0.48772236467012914,2.4225651639322434,0,0.46910400191583346,-1.2224093925014803,0.8579023104494079,-0.9384465092387161,-0.6379617988442783,1.7981941894212958,0.7603395856633436,0.42120644397917884,0.7579107819537747
-0.36913465514580873,-0.48772236467012914,-0.6167265084231818,0,-0.9216671382229419,-0.10366598590075655,-0.2338072462079354,1.0898585319685394,-0.7529221514850207,-1.0407830309533173,-0.25685789872607445,0.44105193260703307,0.4971875448795965
0.9962955932487476,-0.48772236467012914,1.0159990707250284,0,1.4106819787799734,-0.10366598590075655,0.28182104602436026,-0.9512339390710202,1.6612452539705709,1.530926459469711,0.8065758349537706,-3.3794787372138457,1.4139240881404167
-0.39017583076262435,0.585266837604155,-0.9158406672483677,0,-1.1117103996083648,-0.10366598590075655,-1.247283544733482,0.7632799336490999,-0.6379617988442783,-0.7556974523382934,0.25174084346863457,0.44105193260703307,-1.0321084317221694
-0.3789520643915632,-0.48772236467012914,-0.07978011599553096,0,-0.5674956056410178,-0.10366598590075655,-1.645561949768083,0.07147522603006008,-0.6379617988442783,-0.7794545838895454,0.0667958463069231,0.44105193260703307,-0.24993872049963475
-0.20505376792567329,-0.48772236467012914,-0.4372580131280701,0,-0.14421743255530314,-0.10366598590075655,1.0072567123373835,-0.016753286121450797,-0.6379617988442783,-0.6012760972551554,1.1764658292771952,-1.188142075797858,1.077507008044703
0.6052281948627046,-0.48772236467012914,1.0159990707250284,0,0.25314575034148923,-0.10366598590075655,0.6232025360540179,-0.8282559428770768,1.6612452539705709,1.530926459469711,0.8065758349537706,-2.9957261946862785,0.699037792937025
-0.29781680122605003,0.3706689971492982,-1.0456999849822288,0,0.7973605443088366,-0.10366598590075655,0.9219113398299686,-0.8158488083557707,-0.5230014462035358,-0.8566652614311143,-2.5224341139570474,0.40289596552143536,-0.19667268281781328
4.040999876860687,-0.48772236467012914,1.0159990707250284,0,1.0737871063239972,-0.10366598590075655,0.36005430415615697,-0.9184810054113268,1.6612452539705709,1.530926459469711,0.8065758349537706,-3.7043526753593263,0.2616955888125968
0.04042622165266265,-0.48772236467012914,1.0159990707250284,0,1.4106819787799734,-0.10366598590075655,0.8116735670078918,-0.9710568321567853,1.6612452539705709,1.530926459469711,0.8065758349537706,-0.44563572779880567,0.18880522145852552
-0.39038902225314404,-0.48772236467012914,-1.1274092186125235,0,-0.5674956056410178,-0.10366598590075655,0.18936355914132816,-0.3341572600630662,-0.8678825041257632,-0.8210295641042363,-0.30309414801650153,0.4043213321079663,-0.6242027221061164
-0.38854568146494894,-0.48772236467012914,-0.8676905831448012,0,-0.3428990240036998,-0.10366598590075655,-0.8241127393842188,0.4835251954962758,-0.5230014462035358,-1.0942365769436344,0.8065758349537706,0.44105193260703307,-0.40833509571136656
1.2932795845174383,-0.48772236467012914,1.0159990707250284,0,0.5122956522307023,-0.07403039897093537,0.6907676226223879,-0.8765059104599344,1.6612452539705709,1.530926459469711,0.8065758349537706,0.29215594610633716,0.06405055425636488
-0.3887070473997622,0.41358856524026955,-0.8020313775490288,0,-0.9994121087897058,-0.10366598590075655,-1.6882346360217901,1.4354518958378737,-0.6379617988442783,-0.9813902020751873,-0.7654566409207818,0.44105193260703307,-1.0335101695559015
-0.3913536843014071,-0.48772236467012914,-0.9844180597595079,0,-0.9734971186007845,-0.10366598590075655,-0.7138749665621417,2.0053719562820893,-0.7529221514850207,-0.3340083673035705,0.15926834488777883,0.31759325749673584,-0.29759780684652754
-0.33023015275981343,0.3706689971492982,-1.0456999849822288,0,0.7973605443088366,-0.10366598590075655,0.8187856813835094,-0.8865361992875039,-0.5230014462035358,-0.8566652614311143,-2.5224341139570474,0.34226306380207944,-0.6382201004434378
-0.38252096061407503,0.7998646780590118,-0.9056270130445809,0,-1.0944337394824173,-0.10366598590075655,-0.1235694733858586,1.207940226033385,-0.40804109356279333,-0.6428510774698464,-0.8579291395016376,0.4160531955509518,-0.03547283193861701
-0.3208438379092534,-0.48772236467012914,-0.4372580131280701,0,-0.14421743255530314,-0.10366598590075655,-0.24091936058355337,0.4337540466694266,-0.6379617988442783,-0.6012760972551554,1.1764658292771952,0.44105193260703307,-0.6157922951037235
-0.36515468803826173,-0.48772236467012914,-0.1804575645757154,0,-0.09238745217746054,-0.10366598590075655,0.3244937322780676,0.07128507837456116,-0.6379617988442783,-0.6190939459185945,-0.025676652273934286,0.43578904059522683,-0.16162923697450976
-0.38835369133812736,-0.48772236467012914,-1.1274092186125235,0,-0.5674956056410178,-0.10366598590075655,0.6303146504296359,-0.1774755919319347,-0.8678825041257632,-0.8210295641042363,-0.30309414801650153,0.44105193260703307,-1.0026719372137944
2.266587077755202,-0.48772236467012914,1.0159990707250284,0,1.2551920376464454,-0.10366598590075655,0.7441084804395219,-1.082245673709794,1.6612452539705709,1.530926459469711,0.8065758349537706,0.44105193260703307,2.710531584342647
-0.3688861280491255,0.3706689971492982,-0.6094310411347627,1,-0.7834538572153615,-0.10366598590075655,-0.596525079364447,0.2716531703565756,-0.7529221514850207,-1.1001758598314473,0.0667958463069231,0.3738404158729192,-0.8512842511707231
-0.15824940185506187,-0.48772236467012914,1.2319449024622353,0,0.4345506816639384,-0.10366598590075655,0.9823643120227207,-0.831488453020559,-0.5230014462035358,-0.03110494002510758,-1.7364178760197713,0.13843564192815191,-1.25498474728558
-0.38722648550151223,-0.48772236467012914,-1.1522138073931487,0,-0.8180071774672566,-0.10366598590075655,-1.5210999481947702,0.6748137369282153,-0.6379617988442783,0.12925569794584338,-0.7192203916303548,0.2825073107513584,-0.37609512553552726
-0.366855508548264,-0.48772236467012914,-0.21109852718707606,0,0.261784080404463,-0.3852040617340506,-0.11645735901024062,-0.6588343818275162,-0.40804109356279333,-0.10237633467886356,0.34421334204949033,0.44105193260703307,0.03741753541545428
-0.2800418134722791,-0.48772236467012914,1.5689954911872013,0,0.5986789528604399,-0.10366598590075655,1.0605975701545174,-0.6888301744824749,-0.6379617988442783,0.17083067816053438,1.268938327858051,-1.0297070975257627,0.6527804444238641
-0.38618290726615073,0.928623382331926,-1.3068777139076353,0,-0.7143472167115719,-0.10366598590075655,0.11824241538514943,-0.33078213917795973,-0.2930807409220509,-1.1061151427192604,-0.025676652273934286,0.44105193260703307,-0.8667033673417768
0.27538444556905195,-0.48772236467012914,1.0159990707250284,0,0.24450742027851546,-0.24443502381740356,0.39917093322205505,-0.11843474489951199,1.6612452539705709,1.530926459469711,0.8065758349537706,0.39478234033656673,0.32617552916427545
-0.339016940159133,-0.48772236467012914,-0.1804575645757154,0,-0.09238745217746054,-0.10366598590075655,-0.34760107621782144,0.09833358236928628,-0.6379617988442783,-0.6190939459185945,-0.025676652273934286,0.43370581250722007,0.010784516574543664
-0.379994464773386,0.7998646780590118,-0.9056270130445809,0,-1.0944337394824173,-0.10366598590075655,-2.161190242000379,1.5404134016732918,-0.40804109356279333,-0.6428510774698464,-0.8579291395016376,0.19775282064455552,-1.0461258100594908
-0.39341846155489335,2.7312452421527236,-1.0413227046091773,0,-1.249923680615945,-0.10366598590075655,-0.7458794812524221,1.6755133109052929,-0.7529221514850207,0.3608877305705503,1.222702078567624,0.44105193260703307,0.3009442481570969
0.1023153579944651,-0.48772236467012914,1.0159990707250284,1,1.8598751420546091,-0.10366598590075655,0.7263281945004773,-0.8986105754116869,1.6612452539705709,1.530926459469711,0.8065758349537706,-0.03984482497179774,0.27851644281738264
-0.3845692479180183,0.41358856524026955,-0.8020313775490288,0,-0.9994121087897058,-0.10366598590075655,-0.8134445678207918,1.4354518958378737,-0.6379617988442783,-0.9813902020751873,-0.7654566409207818,0.42635969240740645,0.11170964060325766
0.03997392589377003,-0.48772236467012914,1.0159990707250284,0,1.3674903284651043,0.14379116496324568,0.7049918513736239,-0.5837260579054326,1.6612452539705709,1.530926459469711,0.8065758349537706,0.3810768923891536,0.27991818065111473
-0.36559756096884405,-0.48772236467012914,-1.0340272373207582,0,-0.3860906743185687,-0.6222887571726148,0.004448585375263393,-0.5196462980022877,-0.5230014462035358,-0.6666082090210984,-0.8579291395016376,0.4008127374334286,-0.4223524740486879
-0.36559756096884405,-0.48772236467012914,1.0159990707250284,0,1.6007252401653962,0.2667788507219997,0.9325795113933955,-0.8590598630679062,1.6612452539705709,1.530926459469711,0.8065758349537706,-3.438576628763091,1.5877395795232025
-0.36559756096884405,1.4436581994235824,-1.1230319382394722,0,-1.0166887689156532,1.342550656274484,-1.0552564565917997,0.36682207193379784,-0.5230014462035358,-0.06080135446417258,-1.505236629567631,0.44105193260703307,-1.018091053384848
-0.38968819939756827,-0.48772236467012914,0.11573840733410275,0,0.1581241196487778,-0.2355443477384571,0.28893316039997824,-0.7166392690991957,-0.9828428567665056,-0.8032117154407974,1.1764658292771952,0.44105193260703307,-0.5008497927376879
-0.36559756096884405,-0.48772236467012914,1.0159990707250284,0,1.3674903284651043,0.3467949354325155,0.7583327091907579,-0.4722519948691755,1.6612452539705709,1.530926459469711,0.8065758349537706,0.4072817088646073,-0.3312395148560989
-0.36559756096884405,1.4436581994235824,-1.1230319382394722,0,-1.0166887689156532,0.7453935796386014,-0.9770231984600029,-0.0030626549255265137,-0.5230014462035358,-0.06080135446417258,-1.505236629567631,0.40782992678250396,-0.8372668728334018
-0.36559756096884405,-0.48772236467012914,1.2319449024622353,0,0.4345506816639384,0.18231742797201203,0.9468037401446313,-0.7285234975678797,-0.5230014462035358,-0.03110494002510758,-1.7364178760197713,-0.29202506720419896,-0.18686051798168826
-0.36559756096884405,0.585266837604155,-0.8764451438909042,0,-0.878475487908073,-0.19849986407618225,-1.4001940038092662,1.9108685714991132,-0.17812038828130847,-0.7378796036748544,0.5753945885016305,0.37285362362070573,-0.8120355918262232
-0.36559756096884405,-0.48772236467012914,-0.6167265084231818,0,-0.9216671382229419,-1.3039072565584864,0.95035979733244,0.9863706704632383,-0.7529221514850207,-1.0407830309533173,-0.25685789872607445,0.44105193260703307,2.545126519962255
-0.36559756096884405,1.8728538803332961,-1.0734227606782218,0,-0.6106872559558867,0.8817172795157752,-1.4393106328751646,1.2694054556734191,-0.5230014462035358,-0.22710127532293653,-0.39556664659735724,0.3431402124707143,-1.127426604415955
-0.36559756096884405,-0.48772236467012914,-0.720322143918734,0,-0.41200566450749,-0.28592484551915165,-0.2515875321469801,-0.0680456161922914,-0.17812038828130847,-0.6012760972551554,-0.4880391451782146,0.22012011169473394,-0.2485369826659024
-0.36559756096884405,0.4565081333312409,-0.7699313214799843,0,-1.068518749293496,1.0047049652745306,-2.196750813878468,2.429924134097361,-0.2930807409220509,-0.4646725908354565,0.29797709275906326,0.32252721875780443,-1.2788142904590263
-0.36559756096884405,-0.48772236467012914,-0.4372580131280701,0,-0.14421743255530314,-0.46522014644456633,0.7334403088760952,0.10327742141225876,-0.6379617988442783,-0.6012760972551554,1.1764658292771952,0.39313768658287673,0.16497567828507914
-0.36559756096884405,-0.48772236467012914,-0.1804575645757154,0,-0.09238745217746054,-0.01920456315076756,0.5058526488563231,-0.253011748078891,-0.6379617988442783,-0.6190939459185945,-0.025676652273934286,0.4025670347706971,-0.6662548571180805
-0.36559756096884405,-0.48772236467012914,1.0159990707250284,0,1.3674903284651043,-0.29333374225160663,0.5627495638612664,-0.512230539437829,1.6612452539705709,1.530926459469711,0.8065758349537706,0.44105193260703307,0.28692686981977533
-0.36559756096884405,-0.48772236467012914,1.2319449024622353,1,0.4345506816639384,-0.04291303269462398,0.8543462532615987,-0.9491423148605318,-0.5230014462035358,-0.03110494002510758,-1.7364178760197713,-0.1946615649857763,-1.0026719372137944
-0.36559756096884405,1.2290603589687255,-0.6896811813073734,1,-0.9303054682859156,1.464056562686749,-0.696094680623097,0.47164096702759195,-0.6379617988442783,-0.9160580903092443,-0.39556664659735724,0.3571745911688651,-0.9255763563585268
-0.36559756096884405,-0.48772236467012914,1.0159990707250284,0,1.6007252401653962,-0.10366598590075655,1.1174944851594601,-0.8635758698860062,1.6612452539705709,1.530926459469711,0.8065758349537706,0.3295444081068804,0.8686480708186142
-0.36559756096884405,1.4436581994235824,-1.1230319382394722,0,-1.0166887689156532,0.6816770677394871,-1.3432970888043234,1.2762507712713813,-0.5230014462035358,-0.06080135446417258,-1.505236629567631,0.36221819601351285,-1.1162127017460979
-0.36559756096884405,-0.48772236467012914,1.0159990707250284,0,1.2551920376464454,-0.10366598590075655,1.0499293985910902,-1.1261222452161757,1.6612452539705709,1.530926459469711,0.8065758349537706,0.44105193260703307,2.545126519962255
-0.36559756096884405,-0.48772236467012914,0.4060980054131857,0,-1.0166887689156532,-0.2251718923130204,-1.7842481800926313,0.8117675858013311,-0.6379617988442783,-0.7081831892357894,-1.1353466352442065,0.44105193260703307,-0.5709366844242949
-0.36559756096884405,-0.48772236467012914,1.0159990707250284,0,0.3654440411601482,-1.6654614171022961,1.1174944851594601,-1.048494464858731,1.6612452539705709,1.530926459469711,0.8065758349537706,-1.5975512168829826,1.041061824367667
-0.36559756096884405,1.8728538803332961,-1.0734227606782218,0,-0.6106872559558867,0.6179605558403728,-0.43294644872523586,0.9208172662299766,-0.5230014462035358,-0.22710127532293653,-0.39556664659735724,0.44105193260703307,-0.7671799811467948
-0.36559756096884405,0.3706689971492982,-1.0456999849822288,0,0.7973605443088366,3.5933734835943527,0.6516509935564898,-0.9479063550997887,-0.5230014462035358,-0.8566652614311143,-2.5224341139570474,0.36210855242993367,-1.0559379748956157
-0.36559756096884405,-0.48772236467012914,-0.1804575645757154,0,-0.09238745217746054,0.5275720157044204,0.49518447729289644,-0.22700905618941017,-0.6379617988442783,-0.6190939459185945,-0.025676652273934286,0.44105193260703307,-1.13723876925208
-0.36559756096884405,-0.48772236467012914,1.2319449024622353,0,2.732346478414959,-1.0105149459532627,0.9361355685812046,-1.0787754789969382,-0.5230014462035358,-0.03110494002510758,-1.7364178760197713,-0.05289241141773499,1.2330999075889706
-0.36559756096884405,-0.48772236467012914,1.5689954911872013,0,0.5986789528604399,-0.10366598590075655,1.078377856093562,-0.7969766535475004,-0.6379617988442783,0.17083067816053438,1.268938327858051,0.4206582260612828,-0.0074380752639742805
-0.36559756096884405,-0.48772236467012914,1.2319449024622353,0,2.732346478414959,-1.2964983598260313,1.1174944851594601,-1.047448652753487,-0.5230014462035358,-0.03110494002510758,-1.7364178760197713,-0.16527708458652252,0.08788009742981127
-0.36559756096884405,-0.48772236467012914,1.0159990707250284,0,1.8598751420546091,-0.10366598590075655,0.4525117910391891,-0.6112974679527796,1.6612452539705709,1.530926459469711,0.8065758349537706,0.3735114851221816,0.002374089572150747
-0.36559756096884405,-0.48772236467012914,-1.2032820784120828,0,-0.9475821284118632,1.6848416853139119,-0.21602696026889073,-0.14253596023400336,-0.8678825041257632,-0.7853938667773583,-0.21062164943564576,0.44105193260703307,-0.9059520266862766
-0.36559756096884405,-0.48772236467012914,1.0159990707250284,1,0.9787654756312858,-0.5985802876287584,0.7476645376273306,-1.2670691948547694,1.6612452539705709,1.530926459469711,0.8065758349537706,-0.09642091409871933,-0.5288845494123307
-0.36559756096884405,-0.48772236467012914,-0.9698271251826696,0,-0.9130288081599681,-0.23406256839196557,-0.41872221997400016,-0.02255278961416864,-0.7529221514850207,-0.9576330705239353,0.020559597016494405,0.4218643054806547,-0.590561014096545
-0.36559756096884405,-0.48772236467012914,1.0159990707250284,0,1.3674903284651043,0.03265771397641853,0.5378571635466037,-0.4810463239360017,1.6612452539705709,1.530926459469711,0.8065758349537706,-0.9260939110433196,0.5013927583807931
-0.36559756096884405,-0.48772236467012914,-1.1522138073931487,0,-0.8180071774672566,-0.19998164342267244,-1.293512288174998,0.9880819993627287,-0.6379617988442783,0.12925569794584338,-0.7192203916303548,0.13043166032686246,-0.4994480549039558
-0.36559756096884405,-0.48772236467012914,-0.07978011599553096,0,-0.5674956056410178,-1.2846441250541032,-2.0900690982442,-0.09865938872762169,-0.6379617988442783,-0.7794545838895454,0.0667958463069231,-0.0849083378228922,2.368507552912005
-0.36559756096884405,-0.48772236467012914,1.0159990707250284,0,0.8664671848126269,-0.4844832779489495,0.5734177354246931,-0.43902369207073466,1.6612452539705709,1.530926459469711,0.8065758349537706,-3.669376372197528,0.6303526390841497
-0.36559756096884405,-0.48772236467012914,2.1176146312763224,0,0.22723076015256793,-0.4074307519314168,0.5520813922978391,-0.7594700285003333,-0.8678825041257632,-1.3080507609049024,0.29797709275906326,0.23020732138403016,0.22665214296929329
-0.3894361387402687,-0.48772236467012914,0.11573840733410275,0,0.1581241196487778,-0.10366598590075655,0.4347315051001444,-0.613246481421644,-0.9828428567665056,-0.8032117154407974,1.1764658292771952,0.44105193260703307,-0.6690583327855448
-0.36559756096884405,-0.48772236467012914,-0.4372580131280701,0,-0.14421743255530314,-0.10366598590075655,1.0499293985910902,0.0013582780648238077,-0.6379617988442783,-0.6012760972551554,1.1764658292771952,0.21814652719030636,1.1728251807384886
-0.36559756096884405,1.4436581994235824,-1.1230319382394722,0,-1.0166887689156532,0.41051144733162975,-1.4037500609970752,0.36682207193379784,-0.5230014462035358,-0.06080135446417258,-1.505236629567631,0.28689305409453036,-1.1344352935846158
-0.36559756096884405,-0.48772236467012914,-0.04768005992648652,0,-1.2240086904270238,-0.4711472638305298,-1.8162526947829118,0.7093730733151489,-0.6379617988442783,-0.6131546630307815,0.34421334204949033,0.2222033397827407,-0.38871076603911653
-0.36559756096884405,-0.48772236467012914,-0.37597608790534914,0,-0.299707373688831,-0.6563696821419079,0.8294538529469365,-0.7530050082133692,-0.5230014462035358,-0.14395131489355456,1.1302295799867665,0.42756577182677896,0.8420150519777033
-0.36559756096884405,0.3706689971492982,-0.6094310411347627,0,-0.7834538572153615,-0.626734095212088,-0.9414626265819136,0.3013637415282859,-0.7529221514850207,-1.1001758598314473,0.0667958463069231,0.3505959761541065,0.04863143808531142
-0.36559756096884405,2.9458430826075803,-1.3316823026882603,0,-1.033965429041601,0.5275720157044204,-1.3824137178702216,2.162433919724218,-0.6379617988442783,-0.7616367352261064,-0.6729841423399261,0.37570435679376757,-0.9339867833609194
-0.36559756096884405,-0.48772236467012914,1.0159990707250284,0,1.6007252401653962,0.5186813396254739,0.9254673970177775,-0.7940293648872668,1.6612452539705709,1.530926459469711,0.8065758349537706,-2.7062671340369135,1.4882161933282203
-0.36559756096884405,-0.48772236467012914,-0.37597608790534914,0,-0.299707373688831,0.18676276601148528,0.5983101357393558,-0.5135615730263214,-0.5230014462035358,-0.14395131489355456,1.1302295799867665,-3.1344253279140992,-0.28358042850920595
